,chance_of_playing_next_round,chance_of_playing_this_round,dreamteam_count,element_type,id,now_cost,points_per_game,selected_by_percent,status,total_points,value_season,web_name,minutes,goals_scored,assists,clean_sheets,goals_conceded,own_goals,penalties_saved,penalties_missed,yellow_cards,red_cards,saves,bonus,bps,influence,creativity,threat,ict_index
0,100.0,100.0,0,2,1,51,3.2,0.4,a,26,5.1,Mustafi,620,0,2,2,9,0,0,0,0,0,0,1,144,174.2,15.4,107.0,29.8
1,100.0,100.0,0,2,2,55,3.1,1.2,a,25,4.5,Bellerín,623,1,0,2,10,0,0,0,2,0,0,3,116,117.6,37.7,38.0,19.5
2,100.0,100.0,0,2,3,52,2.1,0.5,a,35,6.7,Kolasinac,1103,0,2,2,19,0,0,0,3,0,0,1,222,190.0,157.3,67.0,41.2
3,100.0,100.0,1,2,4,45,2.6,2.3,a,36,8.0,Maitland-Niles,1210,0,2,3,19,0,0,0,3,1,0,3,216,261.8,155.4,37.0,44.9
4,100.0,100.0,1,2,5,48,3.0,1.4,a,57,11.9,Sokratis,1696,2,0,4,25,0,0,0,6,0,0,5,305,436.2,36.8,110.0,58.5
5,0.0,0.0,0,2,6,50,3.3,0.2,u,10,2.0,Monreal,270,0,0,1,4,0,0,0,0,0,0,1,54,47.2,40.8,12.0,10.0
6,0.0,0.0,0,2,7,50,0.0,0.1,u,0,0.0,Koscielny,0,0,0,0,0,0,0,0,0,0,0,0,0,0.0,0.0,0.0,0.0
7,0.0,0.0,0,2,8,43,0.0,0.0,n,0,0.0,Mavropanos,0,0,0,0,0,0,0,0,0,0,0,0,0,0.0,0.0,0.0,0.0
8,0.0,0.0,0,2,9,45,0.0,0.0,u,0,0.0,Jenkinson,0,0,0,0,0,0,0,0,0,0,0,0,0,0.0,0.0,0.0,0.0
9,100.0,100.0,0,2,10,44,1.0,0.1,a,2,0.5,Holding,85,0,0,0,3,0,0,0,0,0,0,0,13,13.4,0.4,2.0,1.6
10,100.0,100.0,3,4,11,111,5.8,27.5,a,152,13.7,Aubameyang,2303,17,3,7,33,0,0,0,3,1,0,29,601,742.8,383.2,985.0,210.9
11,100.0,100.0,1,4,12,94,3.9,2.1,a,78,8.3,Lacazette,1311,7,4,3,18,0,0,0,5,0,0,9,277,384.8,287.0,666.0,134.0
12,100.0,100.0,0,4,13,44,2.4,1.3,a,12,2.7,Nketiah,249,1,0,1,3,0,0,0,0,0,0,1,27,37.6,28.2,101.0,16.7
13,,,1,1,14,50,3.9,5.6,a,108,21.6,Leno,2520,0,0,7,36,0,1,0,2,0,104,9,560,777.8,0.0,0.0,77.6
14,100.0,100.0,0,3,15,73,2.9,1.5,a,53,7.3,Özil,1439,1,3,5,20,0,0,0,1,0,0,1,256,223.6,582.9,190.0,99.8
15,0.0,0.0,0,3,16,67,1.3,0.7,n,4,0.6,Mkhitaryan,110,0,0,1,0,0,0,0,1,0,0,0,3,5.4,33.9,46.0,8.6
16,100.0,100.0,0,3,18,51,2.1,0.7,a,47,9.2,Xhaka,1904,0,1,7,25,0,0,0,7,0,0,0,290,338.6,240.6,85.0,66.7
17,100.0,75.0,0,3,19,47,1.8,1.1,a,44,9.4,Torreira,1365,1,1,3,20,0,0,0,4,0,0,0,238,271.8,200.7,199.0,67.3
18,0.0,0.0,6,3,20,42,0.0,0.5,n,0,0.0,Elneny,0,0,0,0,0,0,0,0,0,0,0,0,0,0.0,0.0,0.0,0.0
19,,,0,3,21,42,2.0,5.6,a,44,10.5,Guendouzi,1588,0,2,3,27,0,0,0,6,0,0,2,252,320.0,231.5,146.0,69.8
20,100.0,100.0,2,2,106,57,3.2,5.3,a,79,13.9,David Luiz,2185,2,1,6,32,0,0,0,4,1,0,10,413,568.6,104.5,171.0,84.6
21,,,0,1,427,42,0.0,0.2,a,0,0.0,Martínez,0,0,0,0,0,0,0,0,0,0,0,0,0,0.0,0.0,0.0,0.0
22,0.0,0.0,0,2,467,43,3.0,0.6,i,42,9.8,Chambers,1102,1,1,3,15,0,0,0,5,0,0,5,197,272.0,113.5,203.0,58.7
23,100.0,100.0,1,3,469,52,2.5,3.0,a,35,6.7,Ceballos,905,0,2,3,12,0,0,0,0,0,0,3,170,203.6,247.6,99.0,55.0
24,100.0,100.0,0,2,486,48,2.7,0.2,a,43,9.0,Cédric,1306,0,1,3,18,0,0,0,1,0,0,3,222,291.2,197.1,107.0,59.7
25,100.0,100.0,2,3,488,93,3.7,5.0,a,88,9.5,Pépé,1587,4,6,4,25,0,0,0,3,0,0,8,307,441.4,535.3,556.0,153.5
26,100.0,100.0,0,3,489,53,1.7,0.1,a,19,3.6,Nelson,458,0,1,2,4,0,0,0,1,0,0,0,60,54.4,95.2,130.0,27.9
27,100.0,100.0,0,3,490,47,1.2,0.2,a,23,4.9,Willock,573,0,0,1,11,0,0,0,1,0,0,0,95,94.4,132.9,134.0,36.3
28,100.0,100.0,0,4,504,44,2.8,2.8,a,39,8.9,Martinelli,656,3,1,2,9,0,0,0,1,0,0,5,129,162.8,36.6,226.0,42.5
29,100.0,75.0,0,2,515,53,1.0,0.3,a,5,0.9,Tierney,296,0,0,0,6,0,0,0,1,0,0,0,51,56.0,75.1,31.0,16.3
30,100.0,100.0,0,3,541,47,2.4,5.0,a,43,9.1,Saka,1172,0,4,4,11,0,0,0,4,0,0,2,184,225.2,211.9,151.0,58.9
31,0.0,0.0,0,3,576,43,2.0,0.0,n,4,0.9,Smith Rowe,96,0,0,1,0,0,0,0,0,0,0,0,13,9.8,6.3,0.0,1.6
32,0.0,0.0,0,4,585,44,0.0,0.0,n,0,0.0,John-Jules,0,0,0,0,0,0,0,0,0,0,0,0,0,0.0,0.0,0.0,0.0
33,100.0,100.0,0,2,617,48,7.0,0.1,a,7,1.5,Marí,90,0,0,1,0,0,0,0,0,0,0,1,28,26.2,1.6,0.0,2.8
34,,,0,2,22,41,1.7,0.8,a,20,4.9,El Mohamady,763,0,1,1,26,0,0,0,0,0,0,5,158,174.4,219.6,46.0,44.1
35,0.0,0.0,0,2,23,42,0.0,0.1,n,0,0.0,Chester,0,0,0,0,0,0,0,0,0,0,0,0,0,0.0,0.0,0.0,0.0
36,,,0,2,24,42,1.7,0.2,a,17,4.0,Taylor,793,0,0,2,19,0,0,0,2,0,0,0,113,115.8,31.6,27.0,17.5
37,100.0,100.0,0,2,25,44,1.4,0.1,a,15,3.4,Hause,990,0,0,1,24,0,0,0,2,0,0,0,121,232.8,21.2,50.0,30.4
38,0.0,0.0,0,4,26,54,0.8,0.1,u,5,0.9,Kodjia,111,0,0,0,6,0,0,0,1,0,0,0,14,3.4,12.2,24.0,3.8
39,100.0,100.0,0,1,27,43,1.0,0.2,a,3,0.7,Nyland,177,0,0,0,8,0,0,0,0,0,8,0,34,57.0,0.0,0.0,5.8
40,100.0,100.0,2,3,28,57,2.9,0.1,a,52,9.1,Hourihane,940,3,2,2,26,0,0,0,4,0,0,6,207,248.8,267.5,191.0,70.6
41,100.0,100.0,3,3,29,64,4.5,20.0,a,118,18.4,Grealish,2333,7,7,4,52,0,0,1,7,0,0,15,473,687.2,909.4,629.0,222.3
42,100.0,100.0,0,3,30,55,3.2,0.8,a,79,14.4,El Ghazi,1673,4,5,4,40,0,0,0,3,0,0,0,240,350.8,421.6,586.0,135.9
43,100.0,75.0,0,3,31,54,3.4,2.6,a,61,11.3,McGinn,1537,3,2,3,30,0,0,0,2,0,0,4,253,386.4,375.3,375.0,113.5
44,0.0,0.0,0,3,32,48,0.0,0.0,n,0,0.0,Green,0,0,0,0,0,0,0,0,0,0,0,0,0,0.0,0.0,0.0,0.0
45,0.0,0.0,0,3,33,45,0.0,0.0,u,0,0.0,Bjarnason,0,0,0,0,0,0,0,0,0,0,0,0,0,0.0,0.0,0.0,0.0
46,100.0,100.0,0,3,34,43,1.4,0.2,a,11,2.6,Davis,129,0,1,0,3,0,0,0,0,0,0,0,27,20.2,36.2,87.0,14.2
47,100.0,100.0,0,3,35,44,1.2,0.4,a,11,2.5,Lansbury,189,0,0,0,6,0,0,0,0,0,0,0,34,13.4,27.2,13.0,5.5
48,100.0,100.0,0,3,36,58,1.9,0.1,a,15,2.6,Jota,310,0,1,2,4,0,0,0,0,0,0,0,41,42.6,56.1,51.0,14.9
49,0.0,0.0,1,1,94,43,3.0,2.5,i,59,13.7,Heaton,1794,0,0,4,35,1,0,0,0,0,67,3,346,507.4,0.3,0.0,50.7
50,100.0,100.0,0,3,120,44,1.2,0.6,a,6,1.4,Drinkwater,317,0,0,0,11,0,0,0,1,0,0,0,32,18.6,21.2,8.0,4.7
51,100.0,100.0,1,2,309,44,3.0,0.8,a,60,13.6,Targett,1688,1,3,3,35,0,0,0,3,0,0,10,341,417.0,386.9,121.0,92.6
52,0.0,0.0,1,4,428,54,3.2,0.8,i,67,12.4,Wesley,1782,5,1,6,31,0,0,1,3,0,0,7,180,296.2,169.8,632.0,108.3
53,100.0,0.0,0,1,429,43,1.0,0.1,a,1,0.2,Steer,7,0,0,0,0,0,0,0,0,0,0,0,3,0.0,0.0,0.0,0.0
54,100.0,100.0,0,2,445,44,2.4,2.5,a,56,12.7,Mings,2002,2,1,3,42,0,0,0,5,0,0,5,378,588.6,73.6,108.0,77.1
55,100.0,100.0,0,2,452,43,2.0,0.1,a,30,7.0,Konsa,1198,0,2,2,29,0,0,0,1,0,0,1,198,259.4,58.5,113.0,43.3
56,100.0,100.0,1,2,455,43,2.5,0.4,a,42,9.8,Engels,1446,1,0,3,32,0,0,0,1,0,0,4,252,329.6,31.9,81.0,44.5
57,100.0,100.0,1,2,458,44,2.1,0.5,a,48,10.9,Guilbert,1898,0,2,4,36,0,0,0,7,0,0,2,302,431.8,225.6,55.0,71.4
58,100.0,100.0,0,3,465,52,2.4,1.1,a,58,11.2,Trézéguet,1315,3,2,3,23,0,0,0,2,1,0,2,170,275.8,261.1,589.0,112.4
59,,,0,3,470,44,2.7,3.8,a,71,16.1,Douglas Luiz,1711,3,2,5,40,0,0,0,4,0,0,5,295,375.8,202.1,338.0,91.7
60,0.0,0.0,0,1,474,42,0.0,0.1,n,0,0.0,Kalinic,0,0,0,0,0,0,0,0,0,0,0,0,0,0.0,0.0,0.0,0.0
61,100.0,100.0,0,3,491,44,1.7,0.7,a,35,8.0,Nakamba,1626,0,0,1,35,0,0,0,4,0,0,0,249,271.8,156.2,24.0,45.1
62,,,0,3,600,45,1.0,0.0,a,2,0.4,Vassilev,36,0,0,0,0,0,0,0,0,0,0,0,3,1.2,1.3,4.0,0.7
63,,,1,1,603,45,3.2,0.5,a,19,4.2,Reina,540,0,0,0,13,0,1,0,1,0,23,2,110,197.8,10.0,0.0,20.8
64,,,0,4,613,58,3.5,0.2,a,14,2.4,Samatta,352,1,0,0,10,0,0,0,0,0,0,2,41,51.4,51.1,160.0,26.3
65,,,0,4,623,55,1.0,0.0,a,2,0.4,Bastón,16,0,0,0,2,0,0,0,0,0,0,0,5,0.2,1.7,2.0,0.4
66,100.0,75.0,2,2,58,50,2.1,0.2,a,46,9.2,Steve Cook,1848,1,0,3,36,0,0,0,4,1,0,5,311,479.2,38.3,112.0,63.2
67,100.0,100.0,1,2,59,48,2.9,6.5,a,67,14.0,Aké,2014,2,1,3,33,0,0,0,1,0,0,6,403,558.4,78.6,296.0,93.3
68,0.0,0.0,0,2,60,42,1.5,0.1,i,3,0.7,Daniels,126,0,0,0,2,0,0,0,0,0,0,0,18,22.4,29.6,0.0,5.2
69,100.0,75.0,1,2,61,43,2.4,0.6,a,26,6.0,Mepham,901,1,0,1,19,0,0,0,1,0,0,2,161,268.6,16.5,136.0,42.2
70,100.0,100.0,0,2,62,44,1.1,0.0,a,16,3.6,Francis,964,0,0,1,21,0,0,0,3,1,0,1,161,263.8,64.4,72.0,40.2
71,100.0,100.0,1,2,63,43,2.2,0.4,a,39,9.1,Adam Smith,1557,0,1,3,27,0,0,0,6,0,0,3,231,238.8,141.5,93.0,47.3
72,100.0,75.0,0,2,64,44,0.0,0.0,a,0,0.0,Kelly,0,0,0,0,0,0,0,0,0,0,0,0,0,0.0,0.0,0.0,0.0
73,100.0,100.0,1,2,65,42,2.9,9.3,a,61,14.5,Rico,1793,0,3,5,27,0,0,0,6,0,0,5,335,431.4,402.8,73.0,91.1
74,,,0,2,66,39,1.0,6.8,a,4,1.0,Simpson,238,0,0,0,6,0,0,0,0,0,0,0,33,33.6,12.7,18.0,6.4
75,100.0,100.0,1,4,67,74,3.4,4.8,a,95,12.8,Callum Wilson,2346,8,3,3,46,0,0,0,8,0,0,8,292,376.8,343.3,683.0,139.6
76,100.0,100.0,1,4,68,61,3.6,3.3,a,69,11.3,King,1461,4,3,3,22,0,0,0,0,0,0,8,227,318.2,308.8,394.0,102.2
77,100.0,100.0,0,4,69,51,1.7,0.3,a,41,8.0,Solanke,1176,0,2,1,25,0,0,0,1,0,0,0,77,109.4,161.2,389.0,66.0
78,100.0,100.0,0,4,71,43,1.0,0.6,a,1,0.2,Surridge,15,0,0,0,1,0,0,0,0,0,0,0,3,0.2,0.3,2.0,0.3
79,0.0,0.0,0,1,72,42,0.0,0.7,n,0,0.0,Begovic,0,0,0,0,0,0,0,0,0,0,0,0,0,0.0,0.0,0.0,0.0
80,,,0,1,73,42,0.0,0.2,a,0,0.0,Boruc,0,0,0,0,0,0,0,0,0,0,0,0,0,0.0,0.0,0.0,0.0
81,,,0,1,74,42,1.0,0.2,a,1,0.2,Travers,90,0,0,0,3,0,0,0,0,0,2,0,9,15.2,0.0,0.0,1.5
82,100.0,100.0,0,3,75,68,2.6,2.6,a,73,10.7,Fraser,2061,1,5,4,34,0,0,0,2,0,0,2,305,355.6,627.1,440.0,141.9
83,100.0,75.0,0,3,76,62,0.0,0.1,a,0,0.0,Brooks,0,0,0,0,0,0,0,0,0,0,0,0,0,0.0,0.0,0.0,0.0
84,100.0,100.0,0,3,77,59,1.3,0.0,a,8,1.4,Stanislas,221,0,0,0,7,0,0,0,0,0,0,0,31,24.6,37.7,52.0,11.5
85,100.0,100.0,0,3,78,46,1.0,0.1,a,2,0.4,Ibe,48,0,0,0,1,0,0,0,0,0,0,0,10,6.8,5.4,0.0,1.2
86,100.0,100.0,0,3,79,50,1.6,0.0,a,32,6.4,Lewis Cook,1000,0,1,2,19,0,0,0,3,0,0,0,147,150.4,124.6,44.0,31.8
87,100.0,100.0,0,3,80,47,1.2,0.0,a,6,1.3,Surman,234,0,0,0,6,0,0,0,1,0,0,0,28,23.6,25.5,8.0,5.6
88,100.0,100.0,0,3,81,49,2.4,0.1,a,39,8.0,Gosling,878,2,1,1,16,0,0,0,1,0,0,1,127,226.2,71.8,182.0,47.8
89,100.0,100.0,0,3,82,48,2.0,0.1,a,48,10.0,Lerma,1942,1,2,3,33,0,0,0,9,1,0,2,282,341.2,140.1,81.0,55.9
90,100.0,100.0,0,2,446,43,2.5,0.1,a,30,7.0,Stacey,1066,0,2,1,19,0,0,0,2,0,0,4,185,256.6,112.9,74.0,44.4
91,75.0,100.0,1,3,476,50,2.2,0.2,d,60,12.0,Billing,2162,1,1,5,36,0,0,0,7,0,0,5,314,503.8,203.8,291.0,100.0
92,100.0,75.0,0,3,492,58,2.0,0.0,a,18,3.1,Danjuma,405,0,1,2,6,0,0,0,0,0,0,0,55,45.4,39.8,120.0,20.5
93,100.0,100.0,3,1,494,45,3.4,3.5,a,96,21.3,Ramsdale,2520,0,1,4,44,0,0,0,0,0,102,10,520,759.0,10.0,0.0,76.9
94,100.0,100.0,2,3,505,58,3.7,1.8,a,84,14.5,Harry Wilson,1432,7,1,2,28,0,0,0,1,0,0,7,280,360.2,228.4,543.0,113.1
95,,,0,3,564,45,0.0,0.0,a,0,0.0,Saydee,0,0,0,0,0,0,0,0,0,0,0,0,0,0.0,0.0,0.0,0.0
96,,,0,3,565,45,0.0,0.0,a,0,0.0,Kilkenny,0,0,0,0,0,0,0,0,0,0,0,0,0,0.0,0.0,0.0,0.0
97,0.0,0.0,0,3,574,44,0.0,0.0,n,0,0.0,Dobre,0,0,0,0,0,0,0,0,0,0,0,0,0,0.0,0.0,0.0,0.0
98,100.0,100.0,0,2,37,48,2.4,0.9,a,36,7.5,Duffy,1071,1,0,2,15,0,0,0,1,0,0,1,187,254.0,29.4,96.0,37.9
99,100.0,100.0,1,2,38,43,2.6,0.6,a,60,14.0,Montoya,1703,0,1,6,25,0,0,0,5,0,0,3,293,317.6,335.0,173.0,82.8
100,100.0,100.0,0,2,39,43,1.8,0.1,a,18,4.2,Bernardo,541,0,0,1,12,0,0,0,1,0,0,3,102,122.6,58.6,82.0,26.4
101,0.0,0.0,0,2,40,43,0.0,0.1,n,0,0.0,Balogun,0,0,0,0,0,0,0,0,0,0,0,0,0,0.0,0.0,0.0,0.0
102,0.0,0.0,0,2,41,42,0.8,0.1,u,3,0.7,Bong,57,0,0,0,3,0,0,0,0,0,0,0,15,16.0,27.9,6.0,5.0
103,100.0,100.0,3,2,42,47,3.3,12.3,a,90,19.1,Dunk,2430,2,3,6,36,0,0,0,9,0,0,11,510,612.8,147.9,372.0,113.3
104,0.0,0.0,0,2,43,43,0.0,0.0,n,0,0.0,Clarke,0,0,0,0,0,0,0,0,0,0,0,0,0,0.0,0.0,0.0,0.0
105,100.0,100.0,0,4,44,54,1.5,0.7,a,29,5.4,Murray,701,1,0,2,10,0,0,0,0,0,0,0,54,58.0,46.2,205.0,30.6
106,0.0,0.0,0,4,45,52,1.5,0.1,n,3,0.6,Locadia,85,0,0,1,1,0,0,0,0,0,0,0,5,3.2,1.3,30.0,3.3
107,0.0,0.0,0,4,46,47,1.7,0.3,n,5,1.1,Andone,71,1,0,0,2,0,0,0,0,1,0,1,20,45.0,11.3,21.0,7.6
108,,,0,1,47,47,3.5,13.9,a,102,21.7,Ryan,2610,0,0,6,40,0,0,0,0,0,92,12,577,791.6,0.0,0.0,79.2
109,,,2,1,48,39,0.0,20.5,a,0,0.0,Button,0,0,0,0,0,0,0,0,0,0,0,0,0,0.0,0.0,0.0,0.0
110,,,0,3,49,62,3.0,0.5,a,69,11.1,Groß,1485,2,5,3,25,1,0,0,2,0,0,7,298,339.6,804.0,305.0,144.5
111,100.0,100.0,0,3,50,58,3.2,0.1,a,26,4.5,Jahanbakhsh,284,2,1,1,3,0,0,0,0,0,0,2,86,90.2,60.5,106.0,25.7
112,0.0,0.0,0,3,51,54,0.0,0.0,i,0,0.0,Izquierdo,0,0,0,0,0,0,0,0,0,0,0,0,0,0.0,0.0,0.0,0.0
113,0.0,0.0,0,3,52,53,0.0,0.0,n,0,0.0,Knockaert,0,0,0,0,0,0,0,0,0,0,0,0,0,0.0,0.0,0.0,0.0
114,100.0,100.0,0,3,53,50,1.5,0.0,a,19,3.8,Bissouma,663,0,0,2,7,0,0,0,2,0,0,0,101,114.0,74.1,78.0,26.5
115,100.0,100.0,0,3,54,48,2.5,0.4,a,64,13.3,Pröpper,2340,1,2,5,36,1,0,0,4,0,0,2,384,461.2,379.5,243.0,108.2
116,100.0,100.0,0,3,55,46,2.3,0.2,a,30,6.5,March,880,0,1,4,12,0,0,0,2,0,0,3,99,156.8,200.5,264.0,62.2
117,100.0,100.0,3,3,56,43,0.0,0.2,a,0,0.0,Kayal,0,0,0,0,0,0,0,0,0,0,0,0,0,0.0,0.0,0.0,0.0
118,100.0,100.0,0,3,57,44,2.0,1.7,a,48,10.9,Stephens,1940,0,1,4,33,0,0,0,6,0,0,1,322,357.0,226.7,86.0,67.0
119,100.0,100.0,2,3,421,58,3.3,0.4,a,75,12.9,Trossard,1438,3,5,2,24,0,0,0,0,0,0,6,278,316.2,489.1,367.0,117.0
120,100.0,100.0,0,2,475,45,2.3,0.2,a,57,12.7,Burn,2147,0,0,6,32,0,0,0,4,0,0,0,366,461.2,275.6,102.0,83.8
121,100.0,100.0,1,2,493,45,3.0,0.6,a,69,15.3,Webster,2015,3,1,3,33,1,0,0,3,0,0,7,396,538.2,147.7,204.0,89.2
122,,,1,4,502,57,3.6,1.7,a,101,17.7,Maupay,2109,8,2,6,28,0,0,0,3,0,0,15,277,405.0,264.5,1250.0,191.7
123,100.0,100.0,1,3,516,48,2.9,0.7,a,64,13.3,Mooy,1651,2,1,4,26,0,0,0,0,1,0,9,267,354.8,510.3,255.0,111.9
124,100.0,75.0,7,4,534,42,2.4,1.1,a,41,9.8,Connolly,827,2,2,3,13,0,0,0,0,0,0,3,90,91.0,62.9,347.0,49.2
125,0.0,0.0,0,2,536,40,0.0,0.2,n,0,0.0,Baluta,0,0,0,0,0,0,0,0,0,0,0,0,0,0.0,0.0,0.0,0.0
126,100.0,75.0,0,3,537,45,1.7,0.1,a,33,7.3,Alzate,1181,0,0,3,18,0,0,0,1,0,0,0,183,202.0,214.1,205.0,62.3
127,,,0,2,546,40,1.1,0.6,a,7,1.8,Schelotto,287,0,0,0,6,0,0,0,2,0,0,0,30,30.8,7.9,48.0,8.5
128,,,0,2,586,40,1.0,0.1,a,1,0.2,Lamptey,31,0,0,0,0,0,0,0,0,0,0,0,8,0.0,0.0,0.0,0.0
129,,,0,3,627,55,1.0,0.0,a,1,0.2,Mac Allister,10,0,0,0,0,0,0,0,0,0,0,0,3,0.6,0.8,8.0,0.9
130,,,0,2,83,50,3.0,1.2,a,87,17.4,Mee,2610,0,2,11,40,0,0,0,7,0,0,1,476,577.0,95.0,343.0,101.7
131,100.0,100.0,2,2,84,52,3.5,3.9,a,101,19.4,Tarkowski,2610,1,2,11,40,0,0,0,8,0,0,10,515,668.6,110.9,294.0,107.4
132,100.0,0.0,0,2,85,42,2.7,0.3,a,41,9.8,Lowton,1350,0,1,5,26,0,0,0,2,0,0,0,236,264.8,178.1,15.0,45.9
133,100.0,100.0,1,2,86,43,3.4,0.3,a,48,11.2,Bardsley,1260,0,1,6,14,0,0,0,4,0,0,2,230,230.4,93.1,77.0,40.1
134,100.0,100.0,0,2,87,43,3.2,2.4,a,55,12.8,Taylor,1375,0,0,7,11,0,0,0,3,0,0,2,258,239.4,196.6,19.0,45.7
135,100.0,100.0,0,2,88,43,1.0,0.1,a,1,0.2,Long,2,0,0,0,0,0,0,0,0,0,0,0,2,0.0,0.1,0.0,0.0
136,0.0,0.0,9,2,89,39,0.0,2.5,i,0,0.0,Gibson,0,0,0,0,0,0,0,0,0,0,0,0,0,0.0,0.0,0.0,0.0
137,75.0,75.0,1,4,90,61,3.2,2.2,d,61,10.0,Barnes,1350,6,0,8,21,0,0,0,4,0,0,6,161,226.2,85.1,474.0,75.9
138,75.0,100.0,3,4,91,61,4.2,1.5,d,109,17.9,Wood,2061,11,1,10,28,1,0,0,1,0,0,16,302,453.8,248.1,891.0,158.0
139,100.0,100.0,1,4,92,53,2.6,0.2,a,26,4.9,Vydra,328,2,1,2,1,0,0,0,0,0,0,3,84,111.4,55.0,153.0,32.0
140,100.0,100.0,1,1,93,49,4.4,18.8,a,128,26.1,Pope,2610,0,0,11,40,0,1,0,0,0,89,17,598,671.6,30.3,2.0,70.3
141,,,0,1,95,42,0.0,1.1,a,0,0.0,Hart,0,0,0,0,0,0,0,0,0,0,0,0,0,0.0,0.0,0.0,0.0
142,75.0,0.0,0,3,96,59,2.9,0.4,d,20,3.4,Gudmundsson,398,1,0,3,4,0,0,0,0,0,0,1,66,83.2,156.8,92.0,33.1
143,100.0,100.0,1,3,97,61,3.4,1.1,a,99,16.2,McNeil,2529,2,6,12,38,0,0,0,4,0,0,6,410,503.8,713.6,309.0,152.6
144,100.0,100.0,0,3,98,55,2.1,0.0,a,29,5.3,Brady,395,1,2,1,10,0,0,0,1,0,0,0,104,105.6,87.2,86.0,27.9
145,0.0,0.0,0,3,99,55,0.0,0.0,u,0,0.0,Defour,0,0,0,0,0,0,0,0,0,0,0,0,0,0.0,0.0,0.0,0.0
146,100.0,100.0,0,3,100,54,2.8,0.1,a,67,12.4,Hendrick,1930,2,2,10,30,0,0,0,8,0,0,4,197,269.8,213.7,282.0,76.5
147,100.0,100.0,1,3,101,55,3.5,0.9,a,91,16.5,Westwood,2340,2,6,11,29,0,0,0,9,0,0,9,415,456.0,589.1,121.0,116.6
148,100.0,100.0,0,3,102,49,2.3,0.2,a,62,12.7,Cork,2365,0,0,10,36,0,0,0,1,0,0,0,279,300.4,192.7,311.0,80.5
149,100.0,100.0,0,3,430,46,0.9,0.1,a,15,3.3,Lennon,485,0,0,0,15,0,0,0,4,0,0,0,51,45.0,37.8,12.0,9.6
150,100.0,100.0,1,2,447,42,2.8,4.0,a,42,10.0,Pieters,1233,0,3,3,29,0,0,0,1,0,0,7,226,238.6,152.7,23.0,41.1
151,100.0,75.0,0,4,451,57,2.3,0.3,a,65,11.4,Rodriguez,1376,5,1,4,26,0,0,0,1,0,0,3,179,277.8,79.7,525.0,87.3
152,,,0,1,495,43,0.0,0.1,a,0,0.0,Peacock-Farrell,0,0,0,0,0,0,0,0,0,0,0,0,0,0.0,0.0,0.0,0.0
153,,,0,3,571,45,0.0,0.0,a,0,0.0,Goodridge,0,0,0,0,0,0,0,0,0,0,0,0,0,0.0,0.0,0.0,0.0
154,0.0,0.0,2,2,572,39,0.0,0.0,n,0,0.0,Driscoll-Glennon,0,0,0,0,0,0,0,0,0,0,0,0,0,0.0,0.0,0.0,0.0
155,,,0,2,596,40,0.0,0.0,a,0,0.0,Koiki,0,0,0,0,0,0,0,0,0,0,0,0,0,0.0,0.0,0.0,0.0
156,,,0,3,620,48,1.0,0.0,a,1,0.2,Brownhill,1,0,0,0,0,0,0,0,0,0,0,0,3,2.0,0.0,0.0,0.2
157,100.0,100.0,3,2,103,62,7.0,4.2,a,77,12.4,Alonso,858,4,3,5,7,0,0,0,3,0,0,8,264,306.4,230.1,230.0,76.5
158,100.0,100.0,1,2,104,60,3.3,0.6,a,43,7.2,Rüdiger,1125,2,0,3,13,1,0,0,3,0,0,3,228,274.4,45.3,181.0,50.1
159,100.0,100.0,2,2,105,59,3.3,6.0,a,88,14.9,Azpilicueta,2419,2,3,5,38,0,0,0,0,0,0,7,494,666.6,484.3,364.0,151.7
160,100.0,100.0,0,2,107,54,1.3,0.7,a,18,3.3,Emerson,1020,0,0,1,21,0,0,0,3,0,0,0,179,207.6,298.4,225.0,73.1
161,100.0,100.0,0,2,108,48,1.5,0.6,a,22,4.6,Christensen,1256,0,0,2,24,0,0,0,5,0,0,0,222,247.2,48.4,63.0,35.9
162,0.0,0.0,0,2,109,42,0.0,0.2,n,0,0.0,Zappacosta,0,0,0,0,0,0,0,0,0,0,0,0,0,0.0,0.0,0.0,0.0
163,100.0,100.0,0,4,110,66,3.1,2.1,a,28,4.2,Giroud,438,2,1,3,7,0,0,0,0,0,0,3,88,96.4,93.3,202.0,38.7
164,,,0,1,111,54,2.8,4.3,a,69,12.8,Kepa,2250,0,0,6,32,0,0,0,0,0,42,0,387,384.2,0.0,0.0,38.4
165,,,0,1,112,48,1.8,0.3,a,7,1.5,Caballero,360,0,0,0,7,0,0,0,0,0,9,0,49,80.0,0.0,0.0,8.0
166,100.0,100.0,4,3,113,70,4.0,4.2,a,113,16.1,Willian,1923,5,6,8,21,0,0,0,3,0,0,16,483,561.4,792.7,657.0,201.2
167,100.0,100.0,1,3,114,68,3.3,1.3,a,30,4.4,Pedro,653,1,2,2,12,0,0,0,1,0,0,1,122,159.4,227.0,332.0,71.9
168,100.0,100.0,0,3,115,63,0.0,0.1,a,0,0.0,Loftus-Cheek,0,0,0,0,0,0,0,0,0,0,0,0,0,0.0,0.0,0.0,0.0
169,100.0,75.0,0,3,116,52,2.6,0.5,a,45,8.7,Hudson-Odoi,768,1,4,2,12,0,0,0,1,0,0,3,172,204.8,310.5,323.0,83.6
170,100.0,100.0,1,3,117,57,2.8,1.8,a,37,6.5,Barkley,670,0,4,4,7,0,0,0,0,0,0,3,124,171.8,258.6,262.0,69.0
171,0.0,0.0,1,3,118,49,3.1,3.4,s,81,16.5,Jorginho,2009,4,3,4,32,0,0,0,10,0,0,9,470,541.0,390.3,156.0,109.1
172,100.0,100.0,0,3,119,50,2.7,3.6,a,49,9.8,Kanté,1383,3,0,2,20,0,0,0,3,0,0,2,242,368.0,369.3,201.0,94.0
173,0.0,0.0,0,3,121,43,0.0,0.0,n,0,0.0,Ampadu,0,0,0,0,0,0,0,0,0,0,0,0,0,0.0,0.0,0.0,0.0
174,100.0,75.0,1,3,431,69,4.4,3.4,a,70,10.1,Pulisic,1069,5,3,3,19,0,0,0,0,0,0,5,217,335.6,271.9,719.0,132.7
175,100.0,100.0,0,3,432,53,2.3,0.9,a,58,10.9,Kovacic,1678,1,3,2,29,0,0,0,7,0,0,6,388,424.6,391.8,168.0,98.2
176,100.0,100.0,0,2,459,47,1.9,1.5,a,42,8.9,Zouma,1803,0,0,4,27,1,0,0,5,0,0,1,307,394.8,30.9,133.0,55.5
177,100.0,100.0,4,4,460,75,5.2,14.7,a,131,17.5,Abraham,1930,13,5,7,27,1,0,0,2,0,0,20,396,581.2,265.7,1077.0,191.5
178,,,0,4,461,66,1.8,0.5,a,28,4.2,Batshuayi,224,1,2,0,8,0,0,0,0,0,0,1,59,61.8,42.9,185.0,28.3
179,0.0,0.0,0,3,462,52,0.0,0.0,n,0,0.0,Kenedy,0,0,0,0,0,0,0,0,0,0,0,0,0,0.0,0.0,0.0,0.0
180,100.0,100.0,1,3,463,62,3.8,15.4,a,111,17.9,Mount,2296,6,5,7,33,0,0,0,3,0,0,8,424,547.0,668.6,857.0,207.4
181,100.0,100.0,1,2,506,51,2.6,0.9,a,45,8.8,James,1065,0,2,3,14,0,0,0,1,0,0,5,257,242.0,280.8,125.0,64.9
182,100.0,100.0,2,2,529,42,3.2,1.7,a,48,11.4,Tomori,1291,1,0,4,18,0,0,0,3,0,0,7,271,335.4,68.6,79.0,48.5
183,100.0,100.0,0,3,533,45,1.7,0.3,a,5,1.1,Gilmour,99,0,0,1,1,0,0,0,0,0,0,0,18,13.0,26.3,3.0,4.2
184,0.0,0.0,0,2,545,39,0.0,0.1,n,0,0.0,Guehi,0,0,0,0,0,0,0,0,0,0,0,0,0,0.0,0.0,0.0,0.0
185,,,0,3,630,45,1.0,0.0,a,1,0.2,Anjorin,19,0,0,0,0,0,0,0,0,0,0,0,1,0.0,1.2,9.0,1.0
186,,,0,4,631,45,1.0,0.0,a,1,0.2,Broja,4,0,0,0,0,0,0,0,0,0,0,0,2,0.0,0.3,0.0,0.0
187,100.0,100.0,2,2,123,56,4.0,5.5,a,87,15.5,van Aanholt,1892,3,0,7,24,1,0,0,0,0,0,8,404,397.6,387.0,202.0,98.7
188,100.0,100.0,1,2,124,50,2.7,0.3,a,48,9.6,Tomkins,1582,1,1,3,23,0,0,0,5,0,0,4,260,384.0,27.7,121.0,53.3
189,100.0,100.0,0,2,125,50,0.9,0.1,a,7,1.4,Sakho,465,0,0,0,8,0,0,0,0,1,0,0,69,86.0,13.2,6.0,10.6
190,100.0,100.0,0,2,126,43,3.1,1.4,a,62,14.4,Ward,1570,0,1,6,18,0,0,0,3,0,0,7,282,267.6,86.9,32.0,38.7
191,100.0,100.0,1,2,127,43,4.1,0.2,a,37,8.6,Dann,634,0,1,4,3,0,0,0,0,0,0,3,154,152.2,31.5,96.0,28.0
192,100.0,100.0,0,2,128,41,3.4,19.8,a,64,15.6,Kelly,1547,0,1,6,16,0,0,0,0,0,0,4,288,305.4,96.5,15.0,41.7
193,100.0,100.0,0,4,129,57,1.6,0.6,a,33,5.8,Benteke,916,1,1,4,11,0,0,0,4,0,0,1,106,181.6,221.2,455.0,85.7
194,0.0,0.0,0,4,130,43,2.5,1.9,n,15,3.5,Wickham,90,1,1,0,2,0,0,0,0,0,0,2,48,59.8,34.5,64.0,15.8
195,100.0,100.0,3,1,131,50,4.3,2.1,a,116,23.2,Guaita,2430,0,0,9,28,1,0,0,1,0,89,16,522,660.8,0.0,0.0,66.0
196,,,0,1,132,42,3.0,0.6,a,6,1.4,Hennessey,180,0,0,0,4,0,0,0,0,0,13,0,42,87.4,0.0,0.0,8.7
197,100.0,100.0,1,3,133,67,3.3,9.5,a,95,14.2,Zaha,2545,3,5,8,32,0,0,0,4,0,0,4,267,468.0,456.5,830.0,175.7
198,100.0,100.0,1,3,134,67,2.7,1.9,a,62,9.3,Milivojevic,1985,2,1,6,26,0,0,0,9,0,0,7,300,361.6,437.7,151.0,95.0
199,100.0,100.0,0,3,135,56,2.3,0.9,a,34,6.1,Townsend,791,1,1,3,12,0,0,0,0,0,0,0,141,167.8,132.8,70.0,37.1
200,100.0,100.0,0,3,136,52,1.4,0.1,a,18,3.5,Meyer,541,0,0,1,7,0,0,0,1,0,0,0,43,49.8,27.4,94.0,16.9
201,100.0,100.0,1,3,137,54,2.9,0.1,a,40,7.4,Schlupp,856,2,1,4,12,0,0,0,2,0,0,3,121,198.0,95.3,233.0,52.7
202,100.0,100.0,0,3,138,52,2.7,0.6,a,75,14.4,McArthur,2426,0,4,10,25,0,0,0,5,0,0,2,344,491.0,348.8,341.0,118.3
203,100.0,100.0,0,3,139,49,2.7,0.2,a,72,14.7,Kouyaté,1983,1,2,9,23,0,0,0,2,0,0,4,238,301.8,154.0,267.0,72.0
204,,,0,3,140,43,0.0,0.1,a,0,0.0,Dreher,0,0,0,0,0,0,0,0,0,0,0,0,0,0.0,0.0,0.0,0.0
205,0.0,0.0,0,4,146,57,2.4,0.1,i,24,4.2,Tosun,462,2,0,2,6,0,0,0,0,0,0,1,86,89.0,63.4,229.0,37.7
206,100.0,100.0,2,3,157,43,1.3,0.8,a,31,7.2,McCarthy,1170,0,0,2,16,0,0,0,6,0,0,0,151,202.6,190.8,61.0,45.6
207,,,1,4,468,52,3.9,8.8,a,108,20.8,Ayew,2382,8,2,11,27,0,0,0,5,0,0,19,366,479.2,314.0,718.0,150.7
208,100.0,100.0,0,2,503,44,3.0,1.4,a,59,13.4,Cahill,1800,0,1,6,26,0,0,0,1,0,0,3,331,396.2,38.7,273.0,71.1
209,0.0,0.0,0,3,510,45,1.0,0.1,u,1,0.2,Camarasa,5,0,0,0,0,0,0,0,0,0,0,0,3,0.2,0.1,0.0,0.0
210,100.0,100.0,0,3,539,45,1.5,0.0,a,15,3.3,Riedewald,608,0,0,0,7,0,0,0,0,0,0,0,89,93.2,38.4,25.0,15.7
211,,,0,1,556,40,0.0,0.4,a,0,0.0,Henderson,0,0,0,0,0,0,0,0,0,0,0,0,0,0.0,0.0,0.0,0.0
212,0.0,0.0,0,2,578,39,0.0,0.0,n,0,0.0,Woods,0,0,0,0,0,0,0,0,0,0,0,0,0,0.0,0.0,0.0,0.0
213,,,0,2,579,40,0.0,0.0,a,0,0.0,Mitchell,0,0,0,0,0,0,0,0,0,0,0,0,0,0.0,0.0,0.0,0.0
214,,,0,3,580,45,1.0,0.0,a,1,0.2,Pierrick,7,0,0,0,0,0,0,0,0,0,0,0,5,4.4,21.0,2.0,2.7
215,0.0,0.0,0,4,581,45,0.0,0.0,u,0,0.0,Daly,0,0,0,0,0,0,0,0,0,0,0,0,0,0.0,0.0,0.0,0.0
216,,,0,3,588,45,0.0,0.0,a,0,0.0,Kirby,0,0,0,0,0,0,0,0,0,0,0,0,0,0.0,0.0,0.0,0.0
217,0.0,0.0,0,3,608,45,0.0,0.0,n,0,0.0,McGregor,0,0,0,0,0,0,0,0,0,0,0,0,0,0.0,0.0,0.0,0.0
218,100.0,100.0,0,3,17,56,2.1,0.9,a,38,6.8,Iwobi,1162,1,0,1,26,0,0,0,0,0,0,2,168,186.6,279.9,293.0,76.0
219,100.0,100.0,3,2,141,57,3.2,11.1,a,83,14.6,Digne,2241,0,5,6,40,1,0,0,2,0,0,12,474,532.2,887.8,229.0,165.0
220,25.0,100.0,1,2,142,53,2.9,2.2,d,73,13.8,Mina,2085,2,1,5,36,1,0,0,3,0,0,8,380,486.0,76.4,405.0,96.7
221,100.0,100.0,0,2,143,52,2.5,1.9,a,55,10.6,Keane,1746,1,0,4,32,0,0,0,0,0,0,3,307,382.8,45.4,154.0,58.3
222,100.0,100.0,0,2,144,53,1.9,1.1,a,34,6.4,Coleman,1189,0,1,3,20,0,0,0,3,1,0,2,207,215.4,126.5,132.0,47.5
223,100.0,100.0,0,2,145,49,2.2,0.2,a,11,2.2,Baines,332,0,1,0,6,0,0,0,0,0,0,0,75,73.8,97.5,5.0,17.7
224,,,2,4,147,65,4.1,16.5,a,111,17.1,Calvert-Lewin,1904,13,1,5,35,0,0,0,7,0,0,15,377,529.0,211.8,1009.0,174.0
225,,,1,1,148,52,2.9,6.4,a,84,16.2,Pickford,2610,0,0,6,46,0,0,0,1,0,75,3,473,593.6,3.0,0.0,59.4
226,,,7,1,149,39,0.0,7.0,a,0,0.0,Stekelenburg,0,0,0,0,0,0,0,0,0,0,0,0,0,0.0,0.0,0.0,0.0
227,100.0,100.0,2,3,150,83,4.9,12.4,a,133,16.0,Richarlison,2352,10,5,6,42,0,0,0,5,0,0,13,428,688.8,438.3,1025.0,215.4
228,100.0,100.0,0,3,151,73,2.7,2.4,a,69,9.5,Sigurdsson,1992,1,3,5,37,0,0,0,3,0,0,4,302,333.0,676.8,407.0,141.7
229,100.0,100.0,2,3,152,64,3.2,0.7,a,60,9.4,Bernard,1016,3,2,7,10,0,0,0,2,0,0,6,197,271.4,287.0,218.0,77.4
230,100.0,100.0,0,3,153,62,2.3,0.4,a,49,7.9,Walcott,1058,1,3,3,14,0,0,0,1,0,0,1,133,149.4,213.2,455.0,82.0
231,,,1,3,154,53,2.0,0.1,a,42,7.9,Davies,1365,1,1,3,26,0,0,0,7,0,0,3,160,192.4,94.9,219.0,50.8
232,0.0,0.0,0,3,155,50,0.0,0.0,u,0,0.0,Lookman,0,0,0,0,0,0,0,0,0,0,0,0,0,0.0,0.0,0.0,0.0
233,0.0,0.0,0,3,156,50,0.0,0.0,u,0,0.0,Gueye,0,0,0,0,0,0,0,0,0,0,0,0,0,0.0,0.0,0.0,0.0
234,0.0,0.0,0,3,158,44,1.2,0.6,i,18,4.1,Schneiderlin,998,0,0,1,20,0,0,0,4,1,0,0,132,143.2,78.5,32.0,25.5
235,100.0,100.0,0,2,205,53,1.5,0.2,a,24,4.5,Delph,1187,0,0,2,24,0,0,0,3,1,0,2,202,183.0,146.7,24.0,35.4
236,100.0,100.0,0,3,422,52,1.5,0.3,a,16,3.1,André Gomes,786,0,0,2,13,0,0,0,5,0,0,0,93,69.0,100.2,25.0,19.5
237,0.0,0.0,0,2,477,42,0.0,0.1,n,0,0.0,Gibson,0,0,0,0,0,0,0,0,0,0,0,0,0,0.0,0.0,0.0,0.0
238,,,0,2,478,43,2.5,2.0,a,55,12.8,Holgate,1732,0,4,3,32,0,0,0,4,0,0,5,343,390.6,52.2,150.0,59.5
239,0.0,0.0,0,1,479,42,0.0,0.2,n,0,0.0,Lössl,0,0,0,0,0,0,0,0,0,0,0,0,0,0.0,0.0,0.0,0.0
240,,,0,4,496,63,1.8,1.4,a,40,6.3,Kean,670,1,2,1,12,0,0,0,0,0,0,3,95,99.0,99.8,318.0,51.0
241,0.0,75.0,0,3,497,48,2.0,0.0,i,4,0.8,Gbamin,135,0,0,1,0,0,0,0,0,0,0,0,14,20.0,6.3,0.0,2.6
242,100.0,100.0,1,2,511,50,3.0,1.0,a,64,12.8,Sidibé,1638,0,4,4,29,0,0,0,3,0,0,9,343,421.0,318.3,111.0,84.9
243,100.0,100.0,0,3,557,45,0.0,0.0,a,0,0.0,Baningime,0,0,0,0,0,0,0,0,0,0,0,0,0,0.0,0.0,0.0,0.0
244,,,0,4,561,45,1.0,0.0,a,2,0.4,Gordon,59,0,0,0,0,0,0,0,0,0,0,0,7,3.4,7.5,14.0,2.4
245,,,0,4,570,45,1.0,0.0,a,3,0.7,Niasse,19,0,0,0,2,0,0,0,0,0,0,0,1,7.0,1.8,0.0,0.9
246,,,0,2,577,40,0.0,0.0,a,0,0.0,Cuco Martina,0,0,0,0,0,0,0,0,0,0,0,0,0,0.0,0.0,0.0,0.0
247,,,0,1,629,40,0.0,0.0,a,0,0.0,Virgínia,0,0,0,0,0,0,0,0,0,0,0,0,0,0.0,0.0,0.0,0.0
248,0.0,0.0,3,2,159,63,4.4,12.7,i,123,19.5,Pereira,2520,3,2,10,27,0,0,0,1,0,0,11,568,738.0,446.5,235.0,141.9
249,100.0,100.0,1,2,161,55,4.1,8.4,a,94,17.1,Chilwell,2059,2,3,8,23,0,0,0,2,0,0,3,428,455.2,443.9,167.0,106.7
250,100.0,100.0,3,2,162,53,3.7,6.4,a,108,20.4,Evans,2574,1,2,10,28,0,0,0,5,0,0,10,576,621.6,80.3,296.0,99.9
251,,,0,2,163,42,3.0,0.3,a,24,5.7,Fuchs,634,0,0,2,6,0,0,0,0,0,0,2,119,131.2,47.7,18.0,19.7
252,,,1,2,164,49,3.7,15.9,a,103,21.0,Söyüncü,2520,1,1,10,27,0,0,0,4,0,0,9,577,637.6,69.0,205.0,91.4
253,100.0,100.0,0,2,165,41,1.1,0.6,a,9,2.2,Morgan,160,0,0,0,1,0,0,0,0,0,0,0,35,45.8,0.7,36.0,8.2
254,100.0,100.0,7,4,166,97,6.4,29.8,a,167,17.2,Vardy,2222,19,6,8,25,0,0,1,2,0,0,27,615,817.6,228.9,958.0,199.7
255,100.0,100.0,1,4,167,57,3.7,0.4,a,44,7.7,Iheanacho,579,3,4,1,7,0,0,0,1,0,0,5,139,184.8,142.3,360.0,68.6
256,,,1,1,168,54,4.1,14.3,a,119,22.0,Schmeichel,2610,0,0,10,28,0,1,0,2,0,81,6,552,696.4,10.0,0.0,70.7
257,,,0,1,169,42,0.0,0.1,a,0,0.0,Jakupovic,0,0,0,0,0,0,0,0,0,0,0,0,0,0.0,0.0,0.0,0.0
258,,,0,1,170,42,0.0,0.2,a,0,0.0,Ward,0,0,0,0,0,0,0,0,0,0,0,0,0,0.0,0.0,0.0,0.0
259,100.0,100.0,1,3,171,75,4.2,18.8,a,119,15.9,Maddison,2399,6,5,9,25,0,0,0,4,0,0,14,501,613.6,1171.8,634.0,242.0
260,100.0,100.0,2,3,172,62,4.1,4.4,a,112,18.1,Barnes,1705,6,8,7,16,0,0,0,0,0,0,8,336,457.4,437.9,745.0,164.1
261,0.0,0.0,0,3,173,51,0.0,0.0,n,0,0.0,Ghezzal,0,0,0,0,0,0,0,0,0,0,0,0,0,0.0,0.0,0.0,0.0
262,,,0,3,174,51,1.9,0.2,a,27,5.3,Albrighton,476,0,3,1,7,0,0,0,1,0,0,1,121,126.4,164.4,64.0,35.5
263,100.0,100.0,0,3,175,50,1.7,0.2,a,24,4.8,Gray,409,1,2,0,4,0,0,1,1,0,0,0,80,109.2,114.3,156.0,37.8
264,100.0,100.0,0,3,176,50,2.9,1.7,a,67,13.4,Ndidi,1891,2,1,9,19,0,0,0,3,0,0,5,347,492.0,192.4,155.0,84.0
265,100.0,100.0,0,3,177,43,1.0,0.2,a,1,0.2,James,5,0,0,0,0,0,0,0,0,0,0,0,3,0.4,0.1,0.0,0.1
266,0.0,0.0,7,3,178,42,0.0,0.2,i,0,0.0,Amartey,0,0,0,0,0,0,0,0,0,0,0,0,0,0.0,0.0,0.0,0.0
267,100.0,100.0,0,3,179,43,1.4,0.8,a,7,1.6,Mendy,200,0,0,0,3,0,0,0,0,0,0,0,53,37.0,34.8,9.0,8.1
268,100.0,100.0,0,3,180,43,1.9,0.8,a,30,7.0,Choudhury,777,1,1,3,10,0,0,0,2,1,0,0,139,175.0,66.8,83.0,32.5
269,,,4,3,265,62,4.4,8.4,a,110,17.7,Pérez,1578,7,5,7,17,0,0,0,0,0,0,9,329,471.4,351.3,646.0,147.1
270,100.0,100.0,0,2,404,48,1.9,0.3,a,21,4.4,Bennett,603,0,0,2,9,0,0,0,2,0,0,0,110,113.6,33.7,16.0,16.3
271,,,0,2,433,47,3.2,0.1,a,13,2.8,Justin,200,0,1,1,1,0,0,0,0,0,0,0,49,60.6,43.2,10.0,11.3
272,,,2,3,448,61,3.4,4.2,a,95,15.6,Tielemans,2148,3,5,9,24,0,0,0,1,0,0,5,393,431.6,560.7,386.0,138.0
273,0.0,0.0,9,3,480,42,0.0,0.3,n,0,0.0,King,0,0,0,0,0,0,0,0,0,0,0,0,0,0.0,0.0,0.0,0.0
274,,,0,3,517,53,2.3,0.1,a,48,9.1,Praet,961,1,3,2,10,0,0,0,2,0,0,3,188,174.2,131.7,177.0,48.1
275,0.0,0.0,0,2,597,39,0.0,0.0,n,0,0.0,Benkovic,0,0,0,0,0,0,0,0,0,0,0,0,0,0.0,0.0,0.0,0.0
276,100.0,100.0,1,2,181,70,4.9,19.8,a,137,19.6,Robertson,2443,1,7,11,20,0,0,0,1,0,0,15,641,619.4,708.4,304.0,163.3
277,100.0,100.0,6,2,182,78,5.7,44.6,a,166,21.3,Alexander-Arnold,2549,2,14,11,21,0,0,0,4,0,0,18,727,822.2,1169.3,353.0,234.5
278,100.0,100.0,2,2,183,65,4.9,44.4,a,141,21.7,van Dijk,2610,4,1,12,21,0,0,0,1,0,0,12,631,739.0,116.2,355.0,120.9
279,100.0,100.0,0,2,184,53,4.0,5.1,a,76,14.3,Gomez,1277,0,0,10,5,0,0,0,3,0,0,7,332,270.0,80.5,8.0,35.9
280,100.0,100.0,0,2,185,52,4.1,1.1,a,33,6.3,Matip,631,1,0,2,5,0,0,0,0,0,0,4,143,192.4,20.9,35.0,25.0
281,100.0,100.0,0,2,186,53,1.9,0.2,a,17,3.2,Lovren,759,0,1,0,11,0,0,0,1,0,0,0,143,192.4,27.9,52.0,27.4
282,,,2,4,187,95,4.5,14.9,a,130,13.7,Firmino,2410,8,8,14,16,0,0,0,0,0,0,18,500,626.8,535.2,1392.0,255.6
283,100.0,100.0,1,4,188,51,2.4,2.4,a,52,10.2,Origi,513,3,3,1,10,0,0,0,0,0,0,6,185,164.8,99.3,173.0,43.7
284,100.0,100.0,1,1,189,62,4.5,9.3,a,89,14.4,Alisson,1733,0,1,10,12,0,0,0,0,1,45,6,408,377.0,10.0,0.0,38.8
285,0.0,0.0,0,1,190,45,0.0,0.0,u,0,0.0,Mignolet,0,0,0,0,0,0,0,0,0,0,0,0,0,0.0,0.0,0.0,0.0
286,100.0,100.0,6,3,191,127,7.2,43.6,a,186,14.6,Salah,2243,16,6,14,15,0,0,0,1,0,0,23,541,834.4,637.9,1618.0,308.9
287,100.0,100.0,7,3,192,125,6.7,25.1,a,175,14.0,Mané,2077,14,9,9,18,0,0,0,2,0,0,22,520,791.6,580.8,970.0,234.4
288,100.0,100.0,0,3,193,62,2.7,0.7,a,56,9.0,Chamberlain,1096,3,0,7,7,0,0,0,1,0,0,2,195,229.2,235.2,309.0,77.2
289,0.0,0.0,0,3,194,63,2.3,0.2,i,14,2.2,Shaqiri,174,1,0,1,2,0,0,0,0,0,0,0,51,47.8,46.7,37.0,13.2
290,100.0,100.0,0,3,195,57,1.8,0.1,a,27,4.7,Lallana,371,1,1,1,5,0,0,0,1,0,0,1,97,107.2,68.8,74.0,25.1
291,100.0,100.0,1,3,196,58,2.8,0.2,a,25,4.3,Keita,365,1,1,3,2,0,0,0,1,0,0,3,102,144.8,124.2,118.0,38.7
292,100.0,100.0,0,3,197,54,2.2,1.0,a,45,8.3,Fabinho,1444,1,1,3,16,0,0,0,5,0,0,4,264,274.0,259.8,54.0,58.9
293,100.0,100.0,2,3,198,53,4.0,1.4,a,99,18.7,Henderson,1883,3,5,14,9,0,0,0,1,0,0,9,453,500.0,402.4,225.0,112.9
294,100.0,100.0,1,3,199,54,3.0,2.3,a,85,15.7,Wijnaldum,2321,3,0,11,18,0,0,0,0,0,0,5,388,348.4,239.8,299.0,88.8
295,100.0,100.0,1,3,200,53,2.5,0.5,a,45,8.5,Milner,758,2,2,4,7,0,0,0,3,0,0,3,176,213.4,136.0,100.0,45.1
296,0.0,0.0,0,3,201,45,0.0,0.0,u,0,0.0,Camacho,0,0,0,0,0,0,0,0,0,0,0,0,0,0.0,0.0,0.0,0.0
297,0.0,0.0,9,4,464,42,0.0,0.5,n,0,0.0,Brewster,0,0,0,0,0,0,0,0,0,0,0,0,0,0.0,0.0,0.0,0.0
298,100.0,100.0,0,1,526,40,2.5,2.1,a,27,6.8,Adrián,873,0,0,2,10,0,0,0,1,0,18,0,136,131.4,0.0,0.0,13.2
299,,,0,1,530,42,0.0,0.0,a,0,0.0,Lonergan,0,0,0,0,0,0,0,0,0,0,0,0,0,0.0,0.0,0.0,0.0
300,100.0,0.0,0,1,531,44,0.0,0.0,a,0,0.0,Kelleher,0,0,0,0,0,0,0,0,0,0,0,0,0,0.0,0.0,0.0,0.0
301,100.0,100.0,0,3,550,45,1.0,0.0,a,1,0.2,Elliott,1,0,0,0,0,0,0,0,0,0,0,0,3,0.0,0.0,0.0,0.0
302,,,0,3,569,45,1.0,0.0,a,2,0.4,Jones,19,0,0,0,0,0,0,0,0,0,0,0,8,5.2,3.5,4.0,1.1
303,,,0,2,575,40,0.0,0.1,a,0,0.0,Williams,0,0,0,0,0,0,0,0,0,0,0,0,0,0.0,0.0,0.0,0.0
304,0.0,0.0,0,2,589,39,0.0,0.0,n,0,0.0,Phillips,0,0,0,0,0,0,0,0,0,0,0,0,0,0.0,0.0,0.0,0.0
305,,,0,3,590,60,1.0,0.0,a,3,0.5,Minamino,77,0,0,0,1,0,0,0,0,0,0,0,6,6.0,8.7,12.0,2.4
306,,,0,2,628,40,0.0,0.0,a,0,0.0,Hoever,0,0,0,0,0,0,0,0,0,0,0,0,0,0.0,0.0,0.0,0.0
307,100.0,100.0,0,2,202,63,3.1,2.0,a,22,3.5,Laporte,504,0,0,3,3,0,0,0,1,0,0,0,118,101.0,33.6,21.0,15.5
308,100.0,100.0,1,2,203,56,3.5,11.1,a,73,13.0,Walker,1807,1,2,7,22,0,0,0,4,0,0,4,391,307.4,265.4,132.0,70.7
309,100.0,100.0,0,2,204,55,3.5,1.1,a,49,8.9,Mendy,1114,0,2,5,12,0,0,0,2,0,0,2,267,204.0,317.0,81.0,60.4
310,100.0,100.0,0,2,206,52,2.6,2.3,a,31,6.0,Zinchenko,905,0,0,4,12,0,0,0,0,1,0,1,197,166.8,259.6,61.0,48.9
311,100.0,100.0,0,2,207,53,2.0,1.0,a,24,4.5,Stones,904,0,0,2,15,0,0,0,0,0,0,0,183,158.6,48.9,66.0,27.4
312,100.0,100.0,1,2,208,49,3.5,2.3,a,66,13.5,Otamendi,1413,2,1,5,19,0,0,0,3,0,0,6,311,362.2,60.3,300.0,72.1
313,0.0,0.0,0,2,209,50,0.0,0.0,u,0,0.0,Danilo,0,0,0,0,0,0,0,0,0,0,0,0,0,0.0,0.0,0.0,0.0
314,100.0,100.0,4,4,210,118,5.6,17.5,a,124,10.5,Agüero,1394,16,4,5,18,0,0,1,1,0,0,14,490,639.6,254.4,1133.0,202.5
315,100.0,100.0,2,4,211,96,4.0,3.2,a,97,10.1,Jesus,1333,10,5,6,12,0,0,1,2,0,0,9,363,518.8,241.1,1119.0,187.5
316,100.0,100.0,0,1,212,60,3.3,11.7,a,82,13.7,Ederson,2171,0,0,9,27,0,0,0,3,1,50,2,406,429.6,3.0,0.0,43.0
317,100.0,100.0,0,1,213,47,2.8,0.3,a,11,2.3,Bravo,346,0,0,1,7,0,0,0,0,0,8,0,69,57.8,0.0,0.0,5.8
318,100.0,100.0,4,3,214,117,4.9,15.5,a,118,10.1,Sterling,2018,11,2,8,27,0,0,1,5,0,0,9,384,569.8,571.6,1334.0,247.5
319,100.0,100.0,6,3,215,106,6.8,45.7,a,178,16.8,De Bruyne,2148,8,18,12,20,0,0,0,2,0,0,23,715,955.4,1457.9,745.0,316.0
320,100.0,75.0,0,3,216,93,0.0,0.2,a,0,0.0,Sané,0,0,0,0,0,0,0,0,0,0,0,0,0,0.0,0.0,0.0,0.0
321,100.0,100.0,4,3,217,85,5.3,9.7,a,121,14.2,Mahrez,1382,7,10,6,11,0,0,0,0,0,0,14,481,601.2,667.9,778.0,204.7
322,100.0,100.0,2,3,218,77,3.6,8.7,a,86,11.2,Bernardo Silva,1492,5,5,6,22,0,0,0,5,0,0,5,394,479.4,517.5,749.0,174.4
323,100.0,100.0,3,3,219,73,4.7,4.1,a,90,12.3,David Silva,1252,3,9,7,12,0,0,0,0,0,0,8,355,385.4,512.3,623.0,152.0
324,100.0,100.0,0,3,220,51,1.4,0.4,a,19,3.7,Foden,353,0,1,0,6,0,0,0,0,0,0,0,83,85.0,148.2,121.0,35.4
325,100.0,100.0,0,3,221,51,1.9,0.7,a,44,8.6,Fernandinho,1995,0,0,9,23,1,0,0,6,1,0,1,329,466.0,104.6,135.0,70.6
326,100.0,100.0,0,3,222,52,2.1,1.3,a,52,10.0,Gündogan,1585,2,1,4,26,0,0,1,7,0,0,4,310,335.4,535.1,336.0,120.7
327,0.0,0.0,0,2,440,46,1.8,0.2,n,11,2.4,Angeliño,422,0,1,0,7,0,0,0,1,0,0,1,94,92.6,164.0,58.0,31.6
328,100.0,100.0,1,3,443,55,2.8,1.8,a,73,13.3,Rodrigo,1953,3,1,10,25,0,0,0,7,0,0,5,416,496.0,424.1,150.0,106.9
329,100.0,100.0,0,2,518,51,2.3,0.8,a,25,4.9,Cancelo,783,0,0,2,10,0,0,0,2,0,0,3,180,168.6,173.5,81.0,42.3
330,,,0,2,544,45,1.8,0.0,a,11,2.4,Garcia,269,0,0,1,5,0,0,0,0,0,0,0,59,59.4,5.5,0.0,6.4
331,,,0,1,562,40,0.0,0.1,a,0,0.0,Carson,0,0,0,0,0,0,0,0,0,0,0,0,0,0.0,0.0,0.0,0.0
332,100.0,100.0,1,2,122,53,3.3,14.4,a,85,16.0,Wan-Bissaka,2330,0,2,7,28,0,0,0,5,0,0,12,477,579.4,338.1,90.0,100.9
333,100.0,100.0,1,2,160,53,3.1,10.8,a,89,16.8,Maguire,2610,1,0,8,30,0,0,0,4,0,0,5,499,613.2,167.6,335.0,112.0
334,0.0,0.0,0,2,223,52,0.0,0.1,n,0,0.0,Smalling,0,0,0,0,0,0,0,0,0,0,0,0,0,0.0,0.0,0.0,0.0
335,0.0,0.0,0,2,224,54,2.0,0.3,u,24,4.4,Young,953,0,0,2,10,0,0,0,5,0,0,0,158,155.6,316.6,18.0,49.1
336,100.0,100.0,1,2,225,53,3.0,1.2,a,79,14.9,Lindelöf,2340,1,0,7,27,1,0,0,5,0,0,7,434,431.0,62.1,73.0,56.6
337,100.0,100.0,0,2,226,54,2.6,0.8,a,46,8.5,Shaw,1233,0,0,5,11,0,0,0,5,0,0,2,261,263.0,222.0,122.0,60.5
338,0.0,0.0,0,2,227,48,1.0,0.1,n,3,0.6,Rojo,121,0,0,0,2,0,0,0,1,0,0,0,9,20.2,1.9,6.0,2.8
339,100.0,100.0,0,2,228,49,3.5,0.1,a,7,1.4,Bailly,102,0,0,1,0,0,0,0,0,0,0,0,31,31.4,0.7,0.0,3.2
340,100.0,100.0,0,2,229,49,1.0,0.1,a,4,0.8,Dalot,65,0,0,0,1,0,0,0,0,0,0,0,10,10.4,4.3,6.0,1.9
341,0.0,0.0,0,2,230,49,0.0,0.0,u,0,0.0,Darmian,0,0,0,0,0,0,0,0,0,0,0,0,0,0.0,0.0,0.0,0.0
342,100.0,100.0,0,2,231,47,1.0,0.2,a,2,0.4,Jones,135,0,0,0,3,0,0,0,0,0,0,0,22,21.4,3.0,23.0,4.7
343,0.0,0.0,0,4,232,85,0.0,0.3,u,0,0.0,Lukaku,0,0,0,0,0,0,0,0,0,0,0,0,0,0.0,0.0,0.0,0.0
344,100.0,75.0,4,4,233,88,6.1,9.6,a,134,15.2,Rashford,1876,14,5,4,23,0,0,2,2,0,0,26,494,677.0,379.4,965.0,202.3
345,100.0,100.0,0,4,234,43,2.4,11.5,a,53,12.3,Greenwood,644,5,0,1,9,0,0,0,0,0,0,7,211,231.8,119.1,281.0,62.8
346,100.0,100.0,1,1,235,53,3.6,11.4,a,103,19.4,de Gea,2610,0,0,8,30,0,0,0,2,0,75,7,464,542.8,0.0,0.0,54.1
347,,,0,1,236,46,0.0,0.2,a,0,0.0,Romero,0,0,0,0,0,0,0,0,0,0,0,0,0,0.0,0.0,0.0,0.0
348,100.0,75.0,0,1,237,47,0.0,0.1,a,0,0.0,Grant,0,0,0,0,0,0,0,0,0,0,0,0,0,0.0,0.0,0.0,0.0
349,100.0,75.0,0,3,238,83,2.4,2.8,a,17,2.0,Pogba,521,0,2,1,5,0,0,1,0,0,0,0,80,130.2,215.6,118.0,46.5
350,100.0,100.0,2,3,239,80,5.3,12.9,a,122,15.2,Martial,1875,11,3,9,21,0,0,1,1,0,0,7,322,552.4,302.8,930.0,178.8
351,0.0,0.0,0,3,240,68,0.0,0.4,n,0,0.0,Sánchez,0,0,0,0,0,0,0,0,0,0,0,0,0,0.0,0.0,0.0,0.0
352,100.0,100.0,0,3,241,63,1.2,0.7,a,25,4.0,Lingard,882,0,0,1,14,0,0,0,3,0,0,0,73,71.4,261.8,260.0,59.1
353,,,1,3,242,61,2.1,0.4,a,36,5.9,Mata,727,0,2,4,8,0,0,0,1,0,0,2,137,107.8,290.9,126.0,52.5
354,100.0,100.0,0,3,243,58,3.3,5.7,a,89,15.3,James,2166,3,6,7,27,0,0,0,3,0,0,2,293,401.4,401.9,572.0,137.4
355,,,0,3,244,53,1.8,0.4,a,46,8.7,Fred,2026,0,0,6,24,0,0,0,7,0,0,0,320,392.8,523.1,224.0,114.1
356,100.0,100.0,0,3,245,47,1.0,0.1,a,2,0.4,Gomes,19,0,0,0,1,0,0,0,0,0,0,0,7,4.2,24.8,2.0,3.1
357,,,0,3,246,48,2.5,0.4,a,58,12.1,Pereira,1442,1,3,6,16,0,0,0,3,0,0,1,190,239.2,418.7,343.0,100.3
358,100.0,100.0,0,3,247,48,2.8,0.4,a,33,6.9,Matic,958,0,1,6,8,0,0,0,1,0,0,2,161,202.2,158.2,53.0,41.2
359,100.0,100.0,0,3,248,49,3.2,1.1,a,64,13.1,McTominay,1545,3,2,2,18,0,0,0,2,0,0,6,266,379.6,214.8,301.0,89.5
360,,,0,3,249,43,1.0,0.6,a,3,0.7,Chong,34,0,0,0,0,0,0,0,0,0,0,0,6,1.4,1.1,6.0,0.7
361,,,0,3,250,43,1.0,0.2,a,1,0.2,Garner,8,0,0,0,1,0,0,0,0,0,0,0,3,2.2,2.8,0.0,0.5
362,100.0,100.0,0,2,481,44,1.4,0.1,a,7,1.6,Tuanzebe,187,0,0,0,3,0,0,0,0,0,0,0,30,17.6,6.2,0.0,2.4
363,,,1,2,549,42,3.2,5.3,a,39,9.3,Williams,758,1,1,4,9,0,0,0,5,0,0,1,167,142.6,155.1,74.0,37.2
364,,,2,3,618,86,7.6,17.0,a,38,4.4,Fernandes,447,2,3,4,1,0,0,0,1,0,0,6,112,192.4,172.2,142.0,50.6
365,,,0,4,624,65,1.0,0.8,a,4,0.6,Ighalo,31,0,0,0,0,0,0,0,0,0,0,0,7,15.4,11.6,88.0,11.5
366,100.0,100.0,0,2,251,53,3.0,0.2,a,30,5.7,Ritchie,712,0,0,5,8,0,0,1,3,0,0,0,137,118.2,260.4,129.0,50.7
367,100.0,100.0,0,2,252,50,2.9,1.2,a,53,10.6,Schär,1394,2,1,4,28,0,0,0,4,0,0,2,258,392.4,44.2,163.0,60.0
368,100.0,100.0,0,2,253,44,1.9,0.1,a,23,5.2,Yedlin,772,1,0,1,11,0,0,0,3,0,0,0,96,130.4,95.1,41.0,26.8
369,,,4,2,254,46,3.7,3.0,a,85,18.5,Fernández,1807,2,2,6,25,0,0,0,4,0,0,13,375,549.6,63.2,173.0,78.5
370,100.0,0.0,0,2,255,43,2.8,0.2,a,44,10.2,Dummett,1227,0,0,5,20,1,0,0,2,0,0,4,230,265.2,63.1,50.0,37.7
371,100.0,100.0,1,2,256,43,3.2,0.1,a,42,9.8,Manquillo,961,0,1,5,12,0,0,0,4,0,0,4,175,150.2,64.8,34.0,25.0
372,100.0,100.0,1,2,257,44,4.0,0.1,a,24,5.5,Lejeune,440,2,0,1,10,0,0,0,0,0,0,1,88,132.0,12.6,81.0,22.5
373,100.0,100.0,1,2,258,43,3.4,4.5,a,64,14.9,Lascelles,1630,1,0,7,25,0,0,0,2,0,0,3,301,313.8,16.3,113.0,44.4
374,100.0,0.0,1,2,259,43,3.5,0.2,a,49,11.4,Clark,1186,2,0,4,14,0,0,0,3,0,0,2,216,331.4,14.9,128.0,47.6
375,100.0,100.0,0,4,260,51,1.1,0.1,a,8,1.6,Muto,201,0,0,0,6,0,0,0,0,0,0,0,22,12.6,15.1,12.0,3.7
376,0.0,0.0,0,4,261,50,0.0,0.0,u,0,0.0,Joselu,0,0,0,0,0,0,0,0,0,0,0,0,0,0.0,0.0,0.0,0.0
377,100.0,75.0,1,1,262,51,4.1,1.8,a,118,23.1,Dubravka,2610,0,0,9,41,0,0,0,0,0,116,7,578,847.8,0.0,0.0,84.9
378,100.0,100.0,0,1,263,43,0.0,0.1,a,0,0.0,Darlow,0,0,0,0,0,0,0,0,0,0,0,0,0,0.0,0.0,0.0,0.0
379,0.0,0.0,0,1,264,39,0.0,0.7,n,0,0.0,Woodman,0,0,0,0,0,0,0,0,0,0,0,0,0,0.0,0.0,0.0,0.0
380,100.0,100.0,1,3,266,58,2.8,0.7,a,79,13.6,Almirón,2370,2,1,10,37,0,0,0,5,0,0,5,236,324.6,288.6,550.0,116.1
381,100.0,100.0,0,3,267,53,2.0,0.1,a,36,6.8,Atsu,732,0,3,3,14,0,0,0,2,0,0,0,102,121.0,186.7,55.0,36.3
382,0.0,0.0,0,3,268,47,1.3,0.0,u,4,0.9,Ki Sung-yueng,135,0,0,0,6,0,0,0,0,0,0,0,18,17.8,39.8,0.0,5.8
383,100.0,100.0,0,3,269,49,4.1,0.6,a,69,14.1,Shelvey,1339,5,0,6,18,0,0,0,2,0,0,9,290,397.8,409.2,215.0,102.4
384,100.0,100.0,0,3,270,50,1.8,0.3,a,37,7.4,Longstaff,1297,0,2,2,24,0,0,0,2,1,0,0,158,198.0,215.8,136.0,55.0
385,100.0,100.0,0,3,271,44,2.5,4.9,a,61,13.9,Hayden,1965,1,3,7,32,0,0,0,4,1,0,2,266,324.4,198.1,183.0,70.5
386,100.0,100.0,0,2,332,53,1.8,1.3,a,31,5.8,Rose,1242,0,0,3,19,0,0,0,6,0,0,0,201,212.8,201.5,42.0,45.8
387,100.0,100.0,0,4,466,55,2.1,0.9,a,61,11.1,Joelinton,2221,1,2,6,36,0,0,0,6,0,0,3,179,254.0,350.6,480.0,108.6
388,0.0,0.0,0,3,482,43,0.0,0.1,n,0,0.0,Colback,0,0,0,0,0,0,0,0,0,0,0,0,0,0.0,0.0,0.0,0.0
389,0.0,0.0,0,3,483,47,0.0,0.0,n,0,0.0,Murphy,0,0,0,0,0,0,0,0,0,0,0,0,0,0.0,0.0,0.0,0.0
390,0.0,0.0,1,2,498,43,3.4,0.8,i,64,14.9,Willems,1492,2,2,3,24,0,0,0,0,0,0,6,283,345.4,196.0,198.0,74.1
391,0.0,0.0,0,3,499,48,0.0,0.0,n,0,0.0,Aarons,0,0,0,0,0,0,0,0,0,0,0,0,0,0.0,0.0,0.0,0.0
392,100.0,100.0,0,3,500,54,3.1,0.6,a,55,10.2,Saint-Maximin,1265,2,2,5,13,0,0,0,0,0,0,2,197,269.4,292.3,393.0,95.4
393,100.0,100.0,0,2,519,43,1.9,0.1,a,21,4.9,Krafth,561,0,0,2,12,0,0,0,0,0,0,0,107,77.2,12.1,32.0,12.2
394,100.0,75.0,0,4,520,54,1.9,0.1,a,25,4.6,Carroll,507,0,3,2,7,0,0,0,1,0,0,0,75,113.6,120.0,162.0,39.9
395,,,1,3,540,45,3.6,0.2,a,25,5.6,Matthew Longstaff,544,2,0,1,9,0,0,0,1,0,0,2,98,101.8,51.1,29.0,18.2
396,100.0,100.0,0,4,554,50,1.3,0.0,a,16,3.2,Gayle,377,0,1,2,6,0,0,0,1,0,0,0,32,44.2,44.6,153.0,24.0
397,,,0,1,573,40,0.0,0.1,a,0,0.0,Elliot,0,0,0,0,0,0,0,0,0,0,0,0,0,0.0,0.0,0.0,0.0
398,,,0,3,598,45,0.0,0.0,a,0,0.0,Allan,0,0,0,0,0,0,0,0,0,0,0,0,0,0.0,0.0,0.0,0.0
399,0.0,0.0,0,2,599,39,0.0,0.1,n,0,0.0,Watts,0,0,0,0,0,0,0,0,0,0,0,0,0,0.0,0.0,0.0,0.0
400,,,0,2,610,40,0.0,0.0,a,0,0.0,Gibson,0,0,0,0,0,0,0,0,0,0,0,0,0,0.0,0.0,0.0,0.0
401,,,0,3,612,49,1.7,0.0,a,5,1.0,Bentaleb,270,0,0,1,5,0,0,0,2,0,0,0,36,41.6,56.2,3.0,10.1
402,100.0,100.0,0,3,614,54,0.8,0.0,a,3,0.6,Lazaro,217,0,0,0,3,0,0,0,0,1,0,0,16,21.6,49.1,8.0,7.9
403,100.0,75.0,0,2,272,43,0.0,0.0,a,0,0.0,Klose,0,0,0,0,0,0,0,0,0,0,0,0,0,0.0,0.0,0.0,0.0
404,100.0,100.0,0,2,273,44,1.5,0.1,a,32,7.3,Godfrey,1834,0,0,3,39,0,0,0,2,1,0,0,331,427.6,20.8,92.0,54.3
405,100.0,100.0,1,2,274,43,2.1,1.3,a,58,13.5,Aarons,2430,0,2,5,48,0,0,0,6,0,0,3,384,409.0,330.1,210.0,95.0
406,100.0,100.0,0,2,275,44,2.3,0.0,a,35,8.0,Zimmermann,1295,0,1,3,21,0,0,0,2,0,0,1,234,312.2,15.5,62.0,39.1
407,100.0,100.0,1,2,276,44,2.2,0.3,a,41,9.3,Lewis,1495,1,0,3,33,0,0,0,2,0,0,3,277,314.8,139.9,110.0,56.5
408,100.0,100.0,0,2,277,41,1.5,2.8,a,23,5.6,Hanley,1261,0,0,2,25,1,0,0,4,0,0,1,214,318.8,3.6,76.0,40.0
409,100.0,100.0,2,4,278,65,4.5,12.8,a,127,19.5,Pukki,2481,11,3,6,47,0,0,0,3,0,0,21,415,537.0,335.0,1129.0,199.5
410,0.0,0.0,0,4,279,52,1.6,0.0,u,13,2.5,Srbeny,41,1,0,0,2,0,0,0,0,0,0,1,50,44.2,3.4,25.0,7.0
411,100.0,100.0,2,1,280,46,3.4,2.6,a,91,19.8,Krul,2430,0,0,5,45,1,2,0,4,0,95,10,510,776.0,0.0,0.0,77.6
412,,,0,1,281,41,5.5,6.1,a,11,2.7,McGovern,158,0,0,0,6,0,1,0,0,0,7,2,46,65.0,0.0,0.0,6.5
413,100.0,100.0,0,3,282,62,1.7,0.1,a,20,3.2,Vrancic,377,1,0,0,8,0,0,0,2,0,0,1,89,95.2,93.1,103.0,29.3
414,100.0,100.0,1,3,283,60,2.9,0.7,a,80,13.3,Buendía,2013,0,7,3,41,0,0,0,4,0,0,10,391,598.2,1049.0,325.0,197.5
415,100.0,75.0,0,3,284,53,1.9,0.1,a,33,6.2,Hernández,756,1,1,1,15,0,0,0,0,0,0,0,106,148.6,137.5,262.0,54.6
416,,,0,3,285,50,1.4,0.1,a,26,5.2,Stiepermann,928,0,0,1,24,0,0,0,4,0,0,0,78,92.2,155.7,255.0,50.4
417,100.0,100.0,0,3,286,48,2.2,0.2,a,62,12.9,McLean,2288,1,1,5,45,0,0,0,4,0,0,0,342,412.6,341.5,223.0,97.6
418,100.0,100.0,2,3,287,47,3.4,19.7,a,100,21.3,Cantwell,2067,6,2,6,41,0,0,0,4,0,0,10,368,480.0,434.8,616.0,152.6
419,100.0,100.0,0,3,288,43,1.8,0.2,a,16,3.7,Leitner,683,0,0,1,16,0,0,0,1,0,0,0,102,106.8,127.7,53.0,28.8
420,100.0,100.0,0,3,289,45,2.4,0.4,a,55,12.2,Tettey,1782,1,1,5,30,0,0,0,4,0,0,3,310,290.4,105.9,138.0,53.5
421,100.0,100.0,0,3,290,43,1.8,0.6,a,25,5.8,Trybull,1022,0,0,2,21,0,0,0,2,0,0,0,161,184.6,44.0,90.0,32.0
422,100.0,100.0,0,4,434,53,1.3,0.1,a,18,3.4,Drmic,215,1,0,0,3,0,0,0,0,0,0,0,47,45.4,24.3,175.0,24.4
423,0.0,0.0,0,3,435,50,1.0,0.0,n,3,0.6,Roberts,24,0,0,0,2,0,0,0,0,0,0,0,12,4.4,0.6,0.0,0.5
424,0.0,0.0,0,1,449,44,1.0,0.3,u,1,0.2,Fahrmann,21,0,0,0,1,0,0,0,0,0,1,0,6,4.0,0.0,0.0,0.4
425,100.0,0.0,0,2,454,43,1.9,0.1,a,32,7.4,Byram,1292,0,0,3,23,0,0,0,4,0,0,2,201,273.2,109.2,218.0,60.2
426,0.0,0.0,3,2,484,39,0.0,0.7,n,0,0.0,Heise,0,0,0,0,0,0,0,0,0,0,0,0,0,0.0,0.0,0.0,0.0
427,0.0,0.0,0,3,507,45,1.6,0.1,u,18,4.0,Amadou,756,0,0,1,20,0,0,0,1,0,0,0,122,177.2,18.3,31.0,22.7
428,,,0,4,538,44,1.3,0.1,a,4,0.9,Idah,68,0,0,0,3,0,0,0,0,0,0,0,12,3.0,1.5,4.0,0.9
429,,,0,1,551,40,0.0,0.1,a,0,0.0,Mair,0,0,0,0,0,0,0,0,0,0,0,0,0,0.0,0.0,0.0,0.0
430,0.0,0.0,0,2,552,39,0.0,0.1,n,0,0.0,Famewo,0,0,0,0,0,0,0,0,0,0,0,0,0,0.0,0.0,0.0,0.0
431,,,0,3,601,47,2.7,0.1,a,19,4.0,Duda,577,0,1,3,7,0,0,0,0,0,0,0,102,108.0,237.3,85.0,43.0
432,,,0,3,602,45,1.7,0.0,a,10,2.2,Rupp,336,0,0,1,6,0,0,0,0,0,0,0,40,31.8,64.3,71.0,16.4
433,100.0,100.0,1,4,70,45,3.1,2.2,a,71,15.8,Mousset,1009,5,4,3,11,0,0,0,1,0,0,9,214,267.4,161.1,472.0,89.0
434,100.0,100.0,1,2,291,52,3.9,2.8,a,110,21.2,Stevens,2445,2,2,10,25,0,0,0,5,0,0,8,498,517.4,474.8,255.0,124.8
435,,,0,2,292,42,0.0,0.1,a,0,0.0,Freeman,0,0,0,0,0,0,0,0,0,0,0,0,0,0.0,0.0,0.0,0.0
436,,,1,2,293,47,3.4,3.5,a,96,20.4,O'Connell,2520,0,1,10,25,0,0,0,3,0,0,6,483,507.2,228.0,236.0,97.2
437,,,1,2,294,51,4.1,11.2,a,115,22.5,Baldock,2520,2,4,10,25,0,0,0,6,0,0,7,456,435.8,320.5,192.0,94.9
438,100.0,100.0,0,2,295,46,3.5,2.4,a,94,20.4,Egan,2418,0,1,10,22,0,0,0,2,0,0,4,445,446.6,12.6,372.0,83.2
439,0.0,0.0,9,2,296,39,0.0,2.1,u,0,0.0,Stearman,0,0,0,0,0,0,0,0,0,0,0,0,0,0.0,0.0,0.0,0.0
440,100.0,100.0,5,2,297,49,4.7,39.1,a,128,26.1,Lundstram,2065,4,4,9,20,0,0,0,4,0,0,15,463,421.4,345.2,393.0,116.3
441,100.0,100.0,1,4,298,56,2.2,0.5,a,40,7.1,Sharp,660,3,0,2,6,0,0,0,1,1,0,9,122,132.6,139.9,220.0,48.6
442,100.0,100.0,0,1,299,43,0.0,0.1,a,0,0.0,Eastwood,0,0,0,0,0,0,0,0,0,0,0,0,0,0.0,0.0,0.0,0.0
443,0.0,0.0,0,3,300,52,0.0,0.0,n,0,0.0,Duffy,0,0,0,0,0,0,0,0,0,0,0,0,0,0.0,0.0,0.0,0.0
444,100.0,100.0,4,3,301,50,3.8,5.5,a,94,18.8,Fleck,2188,5,2,8,21,0,0,0,7,0,0,13,425,492.0,578.8,415.0,148.8
445,,,1,3,302,49,2.8,0.5,a,77,15.7,Norwood,2373,1,2,10,25,0,0,0,6,0,0,6,446,500.6,655.9,100.0,125.7
446,100.0,100.0,0,4,303,54,2.0,0.2,a,42,7.8,McGoldrick,1349,0,2,5,13,0,0,0,2,0,0,3,109,206.4,195.3,439.0,83.9
447,,,0,2,423,46,3.2,1.5,a,90,19.6,Basham,2432,0,0,10,25,0,0,0,4,0,0,4,457,499.4,143.5,91.0,73.7
448,100.0,100.0,0,1,436,43,1.0,0.1,a,1,0.2,Moore,90,0,0,0,3,0,0,0,0,0,2,0,9,7.8,0.0,0.0,0.8
449,,,0,3,441,50,1.2,0.1,a,11,2.2,Freeman,322,0,0,1,4,0,0,0,2,0,0,0,32,43.6,75.1,17.0,13.6
450,,,0,2,444,41,1.0,0.3,a,4,1.0,Jagielka,128,0,0,0,3,0,0,0,0,0,0,0,31,39.0,4.7,2.0,4.5
451,0.0,0.0,1,3,453,49,2.1,0.2,n,33,6.7,Callum Robinson,669,1,2,2,6,0,0,0,1,0,0,1,73,79.8,72.8,156.0,30.4
452,0.0,0.0,0,3,456,45,1.0,0.1,n,1,0.2,Morrison,12,0,0,0,0,0,0,0,0,0,0,0,0,0.0,0.6,4.0,0.2
453,100.0,100.0,3,1,471,53,4.5,16.3,a,122,23.0,Henderson,2430,0,1,10,22,0,1,0,2,0,70,11,513,517.8,0.0,18.0,53.6
454,,,0,3,472,47,1.0,0.0,a,7,1.5,Osborn,126,0,0,0,0,0,0,0,0,0,0,0,33,28.4,26.1,8.0,6.3
455,100.0,100.0,0,4,501,57,2.2,0.2,a,58,10.2,McBurnie,1428,4,0,7,15,0,0,0,3,0,0,4,195,299.0,131.8,604.0,103.3
456,100.0,100.0,0,1,521,44,0.0,0.0,a,0,0.0,Verrips,0,0,0,0,0,0,0,0,0,0,0,0,0,0.0,0.0,0.0,0.0
457,100.0,100.0,0,3,522,43,1.0,0.1,a,9,2.1,Bešić,243,0,0,0,2,0,0,0,2,0,0,0,40,34.2,21.5,29.0,8.5
458,,,0,4,547,44,1.0,0.1,a,1,0.2,Clarke,13,0,0,0,0,0,0,0,0,0,0,0,-1,0.0,0.3,4.0,0.3
459,,,0,3,591,45,0.0,0.0,a,0,0.0,Rodwell,0,0,0,0,0,0,0,0,0,0,0,0,0,0.0,0.0,0.0,0.0
460,,,0,2,611,40,0.0,0.0,a,0,0.0,Jack Robinson,0,0,0,0,0,0,0,0,0,0,0,0,0,0.0,0.0,0.0,0.0
461,,,0,3,621,48,2.0,0.1,a,8,1.7,Berge,208,0,0,1,2,0,0,0,0,0,0,0,25,25.4,6.5,16.0,4.9
462,,,0,4,622,47,0.0,0.0,a,0,0.0,Zivkovic,0,0,0,0,0,0,0,0,0,0,0,0,0,0.0,0.0,0.0,0.0
463,,,0,2,625,45,0.0,0.0,a,0,0.0,Retsos,0,0,0,0,0,0,0,0,0,0,0,0,0,0.0,0.0,0.0,0.0
464,100.0,100.0,2,2,304,45,2.8,2.0,a,39,8.7,Vestergaard,1135,1,0,3,23,0,0,0,2,0,0,6,217,271.0,66.8,147.0,48.5
465,100.0,100.0,0,2,305,48,2.0,0.8,a,49,10.2,Bertrand,2022,1,1,4,45,0,0,0,3,1,0,0,302,323.0,443.0,181.0,94.8
466,100.0,100.0,0,2,306,46,1.2,0.1,a,11,2.4,Valery,644,0,1,0,19,0,0,0,1,0,0,0,71,99.2,41.4,73.0,21.3
467,100.0,100.0,0,2,307,44,2.3,0.8,a,62,14.1,Bednarek,2427,1,0,5,50,0,0,0,3,0,0,3,410,570.6,30.6,50.0,65.4
468,,,3,2,308,44,3.0,3.5,a,64,14.5,Stephens,1827,1,3,4,33,0,0,0,2,0,0,6,312,438.4,65.4,95.0,59.9
469,0.0,0.0,0,2,310,41,1.2,0.2,n,10,2.4,Yoshida,558,0,0,1,18,0,0,0,1,0,0,1,85,96.8,3.7,77.0,17.7
470,0.0,0.0,0,2,311,39,0.0,1.5,n,0,0.0,Ramsay,0,0,0,0,0,0,0,0,0,0,0,0,0,0.0,0.0,0.0,0.0
471,0.0,0.0,0,4,312,60,0.0,0.0,u,0,0.0,Austin,0,0,0,0,0,0,0,0,0,0,0,0,0,0.0,0.0,0.0,0.0
472,,,2,4,313,71,4.8,29.2,a,140,19.7,Ings,1993,15,1,3,36,0,0,0,2,0,0,28,513,678.0,268.9,1135.0,208.1
473,100.0,100.0,0,4,314,49,1.9,0.2,a,28,5.7,Obafemi,479,2,0,2,10,0,0,0,1,0,0,2,97,95.8,75.1,144.0,31.3
474,100.0,100.0,1,4,315,47,2.8,2.5,a,53,11.3,Long,1131,2,3,3,19,0,0,0,0,0,0,4,133,163.4,237.7,471.0,87.4
475,0.0,0.0,0,4,316,45,0.0,0.0,u,0,0.0,Gallagher,0,0,0,0,0,0,0,0,0,0,0,0,0,0.0,0.0,0.0,0.0
476,0.0,0.0,0,1,317,42,0.0,0.3,n,0,0.0,Forster,0,0,0,0,0,0,0,0,0,0,0,0,0,0.0,0.0,0.0,0.0
477,100.0,100.0,1,1,318,45,3.6,4.7,a,68,15.1,McCarthy,1710,0,0,4,27,0,1,0,0,0,58,5,338,474.8,10.0,0.0,48.4
478,,,1,1,319,42,2.9,1.4,a,29,6.9,Gunn,900,0,0,2,25,0,0,0,0,0,30,3,166,219.4,0.0,0.0,22.1
479,100.0,75.0,2,3,320,62,3.0,0.6,a,69,11.1,Redmond,1955,3,1,4,43,0,0,0,2,0,0,5,269,326.4,379.9,532.0,124.2
480,100.0,100.0,0,3,321,57,3.2,1.7,a,93,16.3,Ward-Prowse,2610,4,4,6,52,0,0,1,7,0,0,6,454,634.6,723.2,355.0,171.6
481,0.0,0.0,0,3,322,52,0.0,0.0,n,0,0.0,Elyounoussi,0,0,0,0,0,0,0,0,0,0,0,0,0,0.0,0.0,0.0,0.0
482,100.0,100.0,0,3,323,52,2.8,0.3,a,58,11.2,Armstrong,1134,3,1,4,18,0,0,0,3,0,0,6,169,214.2,171.3,264.0,64.9
483,0.0,0.0,0,3,324,46,0.0,0.0,n,0,0.0,Lemina,0,0,0,0,0,0,0,0,0,0,0,0,0,0.0,0.0,0.0,0.0
484,100.0,100.0,0,3,325,48,2.4,0.4,a,66,13.8,Højbjerg,2447,0,3,6,48,0,0,0,5,0,0,1,352,425.4,433.0,301.0,116.0
485,100.0,100.0,0,3,326,44,0.0,0.0,a,0,0.0,Johnson,0,0,0,0,0,0,0,0,0,0,0,0,0,0.0,0.0,0.0,0.0
486,0.0,0.0,0,3,327,44,0.0,0.3,n,0,0.0,Slattery,0,0,0,0,0,0,0,0,0,0,0,0,0,0.0,0.0,0.0,0.0
487,,,0,3,328,43,1.6,1.5,a,36,8.4,Oriol Romeu,1308,0,0,3,32,0,0,0,3,0,0,0,203,238.8,162.7,41.0,44.3
488,100.0,100.0,0,2,337,44,1.5,0.5,a,6,1.4,Walker-Peters,313,0,0,0,6,0,0,0,0,0,0,0,53,65.4,44.1,18.0,12.9
489,,,0,4,437,53,1.8,0.3,a,39,7.4,Adams,718,0,3,3,12,0,0,0,0,0,0,0,95,66.8,137.6,214.0,40.9
490,0.0,0.0,1,3,438,52,2.2,0.1,s,40,7.7,Djenepo,920,2,2,2,14,0,0,0,4,1,0,3,151,224.4,153.4,252.0,62.9
491,0.0,0.0,0,2,485,42,0.0,0.0,n,0,0.0,Hoedt,0,0,0,0,0,0,0,0,0,0,0,0,0,0.0,0.0,0.0,0.0
492,100.0,100.0,0,3,508,55,1.7,0.1,a,33,6.0,Boufal,752,0,3,1,17,0,0,0,2,0,0,0,93,145.2,193.4,267.0,60.5
493,100.0,100.0,0,2,532,42,1.5,0.0,a,9,2.1,Danso,275,0,1,1,8,0,0,0,0,1,0,0,46,58.4,26.0,6.0,8.9
494,,,0,4,535,44,0.0,0.1,a,0,0.0,N'Lundulu,0,0,0,0,0,0,0,0,0,0,0,0,0,0.0,0.0,0.0,0.0
495,,,0,1,548,40,0.0,0.2,a,0,0.0,Lewis,0,0,0,0,0,0,0,0,0,0,0,0,0,0.0,0.0,0.0,0.0
496,100.0,100.0,0,3,584,45,2.5,0.0,a,5,1.1,Smallbone,156,0,0,1,3,0,0,0,0,0,0,0,19,23.4,10.3,14.0,4.8
497,100.0,100.0,0,2,329,53,1.1,0.1,a,10,1.9,Davies,630,0,0,0,13,0,0,0,2,0,0,0,84,133.8,88.6,36.0,25.6
498,100.0,100.0,2,2,330,52,2.7,1.6,a,52,10.0,Vertonghen,1543,1,1,3,23,0,0,0,2,0,0,4,307,376.6,54.8,63.0,49.6
499,,,1,2,331,53,2.4,4.7,a,66,12.5,Alderweireld,2417,1,2,4,36,1,0,0,4,0,0,2,460,643.0,194.1,148.0,98.5
500,100.0,100.0,0,2,333,53,1.8,0.9,a,39,7.4,Sánchez,1890,0,1,2,31,0,0,0,5,0,0,1,340,447.4,26.7,66.0,54.1
501,0.0,0.0,0,2,334,55,0.0,0.1,u,0,0.0,Trippier,0,0,0,0,0,0,0,0,0,0,0,0,0,0.0,0.0,0.0,0.0
502,100.0,100.0,0,2,335,48,0.8,0.0,a,3,0.6,Foyth,66,0,0,0,3,0,0,0,1,0,0,0,9,18.6,12.5,0.0,3.1
503,100.0,100.0,1,2,336,49,3.5,5.7,a,85,17.3,Aurier,1909,1,6,5,27,1,0,0,1,1,0,11,460,532.8,419.8,207.0,116.0
504,100.0,75.0,2,4,338,108,5.2,8.5,a,104,9.6,Kane,1778,11,2,2,29,0,0,0,2,0,0,16,374,531.4,291.1,696.0,151.8
505,0.0,0.0,0,4,339,45,0.0,0.1,u,0,0.0,Janssen,0,0,0,0,0,0,0,0,0,0,0,0,0,0.0,0.0,0.0,0.0
506,100.0,100.0,1,1,340,53,4.2,3.4,a,51,9.6,Lloris,998,0,0,2,14,0,1,0,0,0,50,6,239,367.2,0.0,0.0,36.8
507,,,1,1,341,42,3.2,2.0,a,58,13.8,Gazzaniga,1612,0,0,2,26,0,1,0,1,0,59,6,300,449.8,10.0,0.0,46.1
508,100.0,75.0,5,3,342,97,5.8,4.4,a,122,12.6,Son,1744,9,9,4,25,0,0,1,0,2,0,13,395,604.2,431.0,893.0,192.2
509,0.0,0.0,0,3,343,86,2.4,2.4,u,48,5.6,Eriksen,1090,2,2,1,18,0,0,0,5,0,0,6,205,262.4,348.9,225.0,83.3
510,100.0,100.0,2,3,344,83,5.2,4.8,a,114,13.7,Alli,1758,8,6,4,24,0,0,0,2,0,0,12,340,523.4,311.3,619.0,145.5
511,,,0,3,345,71,2.8,4.8,a,76,10.7,Lucas Moura,1675,4,3,3,23,0,0,0,2,0,0,1,243,379.6,359.2,615.0,135.2
512,100.0,100.0,1,3,346,57,2.9,1.1,a,50,8.8,Lamela,929,2,4,3,10,0,0,0,3,0,0,2,180,192.0,250.4,285.0,72.6
513,100.0,100.0,0,3,347,52,1.5,0.3,a,35,6.7,Winks,1589,0,0,3,27,0,0,0,8,0,0,0,265,265.4,246.7,63.0,57.5
514,0.0,0.0,0,3,348,47,0.5,0.1,u,1,0.2,Wanyama,24,0,0,0,2,0,0,0,1,0,0,0,5,1.2,0.9,0.0,0.2
515,100.0,75.0,0,3,349,48,2.5,1.2,a,49,10.2,Sissoko,1688,2,1,3,25,0,0,0,6,0,0,0,272,242.8,201.9,167.0,61.1
516,100.0,100.0,0,3,350,48,1.8,0.2,a,25,5.2,Dier,890,0,2,1,18,0,0,0,4,0,0,0,120,213.4,87.4,41.0,34.3
517,0.0,0.0,0,3,351,44,0.0,0.0,n,0,0.0,Amos,0,0,0,0,0,0,0,0,0,0,0,0,0,0.0,0.0,0.0,0.0
518,,,0,3,352,43,1.0,0.7,a,4,0.9,Skipp,57,0,0,0,1,0,0,0,0,0,0,0,12,12.6,1.2,0.0,1.4
519,100.0,100.0,0,3,442,58,2.3,2.2,a,44,7.6,Ndombele,938,2,2,1,16,0,0,0,2,0,0,2,213,266.4,182.3,116.0,56.5
520,75.0,,0,4,509,43,1.0,0.8,d,2,0.5,Parrott,6,0,0,0,0,0,0,0,0,0,0,0,6,0.2,0.1,0.0,0.0
521,100.0,100.0,0,3,523,73,1.3,0.4,a,25,3.4,Lo Celso,867,0,0,3,11,0,0,0,5,0,0,0,123,168.0,270.4,110.0,54.8
522,100.0,100.0,0,3,524,54,1.5,0.1,a,9,1.7,Sessegnon,341,0,0,0,5,0,0,0,0,0,0,0,41,45.4,39.9,34.0,11.9
523,0.0,0.0,0,3,527,50,1.0,0.0,u,1,0.2,Nkoudou,2,0,0,0,0,0,0,0,0,0,0,0,3,0.0,0.0,18.0,1.8
524,,,0,1,543,40,0.0,0.5,a,0,0.0,Whiteman,0,0,0,0,0,0,0,0,0,0,0,0,0,0.0,0.0,0.0,0.0
525,100.0,100.0,0,1,555,42,0.0,0.0,a,0,0.0,Vorm,0,0,0,0,0,0,0,0,0,0,0,0,0,0.0,0.0,0.0,0.0
526,,,0,1,558,40,0.0,0.2,a,0,0.0,Austin,0,0,0,0,0,0,0,0,0,0,0,0,0,0.0,0.0,0.0,0.0
527,,,0,2,583,41,2.8,2.5,a,17,4.1,Tanganga,525,0,0,2,7,0,0,0,1,0,0,0,100,134.4,17.2,20.0,17.1
528,,,0,3,605,47,1.0,0.0,a,4,0.9,Fernandes,40,0,0,0,0,0,0,0,0,0,0,0,14,11.6,27.0,6.0,4.5
529,100.0,75.0,0,3,615,74,4.4,1.4,a,22,3.0,Bergwijn,416,2,0,1,8,0,0,0,1,0,0,2,74,95.6,96.9,116.0,30.8
530,100.0,100.0,0,2,353,46,1.3,0.7,a,16,3.5,Holebas,1004,0,0,2,26,0,0,0,5,0,0,0,141,170.0,207.8,62.0,43.8
531,100.0,100.0,1,2,354,43,3.2,0.5,a,60,14.0,Kabasele,1575,0,1,7,19,0,0,0,1,2,0,4,293,348.8,23.9,98.0,47.3
532,100.0,100.0,0,2,355,43,2.8,0.3,a,48,11.2,Masina,1221,1,0,5,19,0,0,0,3,0,0,2,221,287.2,150.6,58.0,49.9
533,100.0,100.0,0,2,356,42,1.6,0.3,a,24,5.7,Mariappa,1226,0,0,3,25,1,0,0,2,1,0,1,168,190.2,71.5,32.0,28.7
534,100.0,100.0,0,2,357,42,1.9,0.4,a,36,8.6,Kiko Femenía,1524,0,0,4,29,0,0,0,5,0,0,0,263,258.0,223.0,40.0,52.2
535,100.0,100.0,1,2,358,43,2.8,3.3,a,76,17.7,Cathcart,2353,0,0,9,33,0,0,0,6,0,0,3,423,442.8,34.1,40.0,51.8
536,100.0,75.0,1,2,359,40,4.5,0.6,a,36,9.0,Janmaat,606,0,1,4,5,1,0,0,1,0,0,7,148,116.0,108.4,46.0,27.1
537,0.0,0.0,0,2,360,39,0.0,0.3,n,0,0.0,Navarro,0,0,0,0,0,0,0,0,0,0,0,0,0,0.0,0.0,0.0,0.0
538,0.0,0.0,9,2,361,39,1.0,1.1,u,1,0.3,Prödl,56,0,0,0,0,0,0,0,0,0,0,0,3,1.8,0.1,8.0,1.0
539,100.0,100.0,2,4,362,62,3.9,2.1,a,70,11.3,Deeney,1501,6,2,6,20,0,0,1,3,0,0,10,258,373.6,259.5,603.0,123.7
540,0.0,0.0,2,4,363,61,3.1,2.0,i,88,14.4,Deulofeu,2097,4,5,8,33,0,0,0,3,0,0,9,330,458.4,602.3,896.0,195.4
541,,,0,4,364,55,1.8,0.4,a,36,6.5,Gray,712,2,1,0,17,0,0,0,1,0,0,2,111,106.2,123.9,281.0,50.2
542,100.0,100.0,0,4,365,47,0.8,0.3,a,4,0.9,Success,65,0,0,0,3,0,0,0,1,0,0,0,8,6.2,13.6,17.0,3.7
543,,,1,1,366,49,3.8,4.2,a,111,22.7,Foster,2610,0,0,9,44,0,0,0,1,0,89,15,538,683.6,10.1,17.0,71.3
544,0.0,0.0,0,1,367,42,0.0,0.1,n,0,0.0,Dahlberg,0,0,0,0,0,0,0,0,0,0,0,0,0,0.0,0.0,0.0,0.0
545,100.0,100.0,1,3,368,56,3.3,2.9,a,93,16.6,Doucouré,2443,4,3,9,42,1,0,0,8,0,0,9,387,461.0,479.9,557.0,149.6
546,100.0,100.0,0,3,369,56,2.2,0.7,a,51,9.1,Pereyra,1320,3,0,4,17,0,0,0,3,0,0,0,169,217.6,253.3,287.0,75.7
547,100.0,100.0,0,3,370,53,2.4,0.3,a,50,9.4,Hughes,1507,1,1,5,27,0,0,0,4,0,0,3,177,237.6,222.4,195.0,65.4
548,100.0,100.0,0,3,371,48,2.5,0.1,a,25,5.2,Cleverley,655,1,0,1,17,0,0,0,0,0,0,2,121,122.8,179.5,176.0,47.9
549,0.0,0.0,0,3,372,47,0.0,0.0,n,0,0.0,Sema,0,0,0,0,0,0,0,0,0,0,0,0,0,0.0,0.0,0.0,0.0
550,100.0,100.0,0,3,373,48,2.6,0.4,a,62,12.9,Capoue,2138,0,3,7,40,0,0,0,7,0,0,5,322,409.4,221.9,101.0,73.4
551,100.0,100.0,0,3,374,44,1.9,0.2,a,28,6.4,Chalobah,771,0,1,2,10,0,0,0,1,0,0,2,107,130.8,91.9,52.0,27.2
552,100.0,100.0,0,3,375,43,1.0,0.1,a,4,0.9,Quina,18,0,0,0,2,0,0,0,0,0,0,0,10,7.4,0.8,7.0,1.5
553,100.0,100.0,0,2,439,48,1.9,0.2,a,37,7.7,Dawson,1549,0,0,4,29,0,0,0,4,0,0,0,231,330.2,32.8,151.0,51.4
554,100.0,100.0,0,4,512,58,1.2,0.1,a,11,1.9,Welbeck,275,0,0,1,3,0,0,0,0,0,0,0,26,29.4,28.6,72.0,12.9
555,,,0,1,513,43,0.0,0.2,a,0,0.0,Gomes,0,0,0,0,0,0,0,0,0,0,0,0,0,0.0,0.0,0.0,0.0
556,100.0,100.0,2,3,525,64,4.1,3.0,a,78,12.2,Sarr,1221,5,4,6,16,0,0,0,1,0,0,5,211,307.4,256.3,492.0,105.6
557,0.0,0.0,7,2,542,39,0.3,0.1,n,1,0.3,Foulquier,57,0,0,0,6,0,0,0,0,0,0,0,12,8.0,1.0,0.0,1.0
558,100.0,100.0,0,3,563,45,0.0,0.0,a,0,0.0,Dele-Bashiru,0,0,0,0,0,0,0,0,0,0,0,0,0,0.0,0.0,0.0,0.0
559,100.0,100.0,0,4,592,49,0.0,0.0,a,0,0.0,João Pedro,0,0,0,0,0,0,0,0,0,0,0,0,0,0.0,0.0,0.0,0.0
560,,,0,3,604,47,0.8,0.0,a,5,1.1,Pussetto,56,0,0,0,2,0,0,0,1,0,0,0,17,23.2,0.9,2.0,2.6
561,100.0,100.0,2,2,376,45,2.7,1.2,a,63,14.0,Cresswell,2023,3,0,4,40,0,0,0,7,0,0,5,319,428.0,296.5,152.0,87.9
562,100.0,100.0,0,2,377,45,2.7,1.1,a,65,14.4,Ogbonna,2160,2,0,6,36,1,0,0,4,0,0,0,354,457.6,21.7,155.0,63.4
563,100.0,100.0,1,2,378,41,1.7,0.4,a,25,6.1,Masuaku,908,0,1,2,18,0,0,0,3,1,0,3,160,233.4,126.2,53.0,41.4
564,,,0,2,379,41,1.0,0.5,a,10,2.4,Zabaleta,588,0,0,0,14,0,0,0,2,0,0,0,90,110.4,50.5,12.0,17.4
565,100.0,75.0,1,2,380,44,2.9,0.3,a,57,13.0,Fredericks,1686,0,2,6,30,0,0,0,5,0,0,5,318,352.6,247.2,52.0,65.4
566,100.0,100.0,0,2,381,43,2.3,2.1,a,54,12.6,Diop,1955,3,0,3,42,0,0,0,8,0,0,2,307,490.2,30.5,170.0,69.2
567,,,1,2,382,43,2.8,0.3,a,36,8.4,Balbuena,1081,1,0,3,22,0,0,0,2,0,0,3,189,248.0,18.2,149.0,41.5
568,0.0,0.0,6,2,383,39,0.0,4.4,n,0,0.0,Reid,0,0,0,0,0,0,0,0,0,0,0,0,0,0.0,0.0,0.0,0.0
569,,,0,2,384,40,0.0,2.5,a,0,0.0,Johnson,0,0,0,0,0,0,0,0,0,0,0,0,0,0.0,0.0,0.0,0.0
570,0.0,0.0,0,4,385,70,0.0,0.1,u,0,0.0,Arnautovic,0,0,0,0,0,0,0,0,0,0,0,0,0,0.0,0.0,0.0,0.0
571,0.0,0.0,1,4,386,60,4.5,0.3,u,9,1.5,Chicharito,106,1,0,0,4,0,0,0,0,0,0,2,27,35.6,2.2,39.0,7.7
572,100.0,100.0,0,4,387,43,0.0,0.9,a,0,0.0,Xande Silva,0,0,0,0,0,0,0,0,0,0,0,0,0,0.0,0.0,0.0,0.0
573,100.0,100.0,3,1,388,49,3.7,2.0,a,59,12.0,Fabianski,1307,0,0,4,22,0,1,0,1,0,46,5,277,343.2,0.0,0.0,34.4
574,100.0,100.0,1,3,389,69,3.0,0.8,a,45,6.5,Antonio,1028,2,3,2,19,0,0,0,1,0,0,1,106,220.0,218.0,546.0,98.4
575,100.0,100.0,0,3,390,66,2.8,2.5,a,61,9.2,Felipe Anderson,1405,1,4,6,26,0,0,0,1,0,0,1,290,371.4,401.2,352.0,112.6
576,100.0,100.0,0,3,391,61,2.4,0.7,a,45,7.4,Lanzini,1182,0,3,2,24,0,0,0,0,0,0,3,221,203.6,422.8,235.0,86.1
577,100.0,75.0,1,3,392,52,3.3,0.7,a,49,9.4,Yarmolenko,822,3,1,3,14,0,0,0,2,0,0,8,156,188.0,208.4,248.0,64.2
578,100.0,100.0,1,3,393,52,3.6,1.7,a,87,16.7,Snodgrass,1504,5,5,3,33,0,0,0,4,0,0,8,312,422.2,552.1,320.0,129.7
579,100.0,0.0,0,3,394,46,1.0,0.2,a,6,1.3,Wilshere,174,0,0,0,4,0,0,0,0,0,0,0,14,5.0,6.5,4.0,1.4
580,,,0,3,395,47,2.3,1.5,a,66,14.0,Rice,2610,0,2,6,50,0,0,0,5,0,0,1,437,520.0,232.1,171.0,92.3
581,100.0,100.0,2,3,396,50,3.2,1.3,a,84,16.8,Noble,2139,4,2,6,37,0,0,0,4,0,0,6,389,406.8,292.3,150.0,85.1
582,,,3,3,397,43,1.2,0.5,a,7,1.6,Carlos Sánchez,112,0,0,0,2,0,0,0,0,0,0,0,20,8.4,3.7,0.0,1.1
583,0.0,0.0,0,3,398,43,0.0,0.1,n,0,0.0,Diangana,0,0,0,0,0,0,0,0,0,0,0,0,0,0.0,0.0,0.0,0.0
584,,,2,3,399,60,2.6,0.4,a,71,11.8,Fornals,1457,2,5,4,26,0,0,0,2,0,0,4,255,301.6,282.3,331.0,91.5
585,0.0,0.0,0,3,400,45,0.0,0.0,u,0,0.0,Obiang,0,0,0,0,0,0,0,0,0,0,0,0,0,0.0,0.0,0.0,0.0
586,0.0,0.0,0,1,450,44,2.2,0.3,n,18,4.1,Roberto,686,0,0,0,17,1,0,0,0,0,36,1,134,239.0,0.0,0.0,23.9
587,100.0,100.0,1,4,457,68,3.6,2.3,a,97,14.3,Haller,2144,7,3,5,40,0,0,0,1,0,0,11,318,433.4,335.5,958.0,172.0
588,,,0,4,514,56,1.0,0.0,a,8,1.4,Ajeti,128,0,0,0,3,0,0,0,0,0,0,0,14,5.2,22.9,46.0,7.3
589,100.0,100.0,1,1,553,39,4.0,1.6,a,20,5.1,Martin,435,0,0,2,6,0,0,0,1,0,15,2,86,112.0,0.0,0.0,11.2
590,100.0,0.0,0,3,568,44,1.0,0.0,a,2,0.5,Holland,31,0,0,0,1,0,0,0,0,0,0,0,10,12.6,3.8,9.0,2.5
591,,,0,1,582,40,0.0,0.1,a,0,0.0,Anang,0,0,0,0,0,0,0,0,0,0,0,0,0,0.0,0.0,0.0,0.0
592,,,0,2,593,40,1.5,0.1,a,6,1.5,Ngakia,360,0,0,0,7,0,0,0,0,0,0,0,41,57.2,8.5,0.0,6.6
593,,,0,2,594,40,0.0,0.0,a,0,0.0,Cardoso,0,0,0,0,0,0,0,0,0,0,0,0,0,0.0,0.0,0.0,0.0
594,,,0,3,595,45,0.0,0.0,a,0,0.0,Rosa,0,0,0,0,0,0,0,0,0,0,0,0,0,0.0,0.0,0.0,0.0
595,,,0,1,606,40,1.5,0.1,a,3,0.8,Randolph,180,0,0,0,5,0,0,0,0,0,6,0,27,49.6,0.0,0.0,4.9
596,100.0,100.0,0,3,616,49,1.5,0.0,a,6,1.2,Soucek,229,0,0,0,6,0,0,0,0,0,0,0,30,55.2,13.6,45.0,11.4
597,,,0,3,626,65,3.2,0.2,a,13,2.0,Bowen,182,1,0,0,2,0,0,0,0,0,0,2,50,70.6,31.0,116.0,21.8
598,100.0,100.0,4,2,401,63,4.3,8.8,a,117,18.6,Doherty,2147,4,5,7,26,0,0,0,1,0,0,9,416,453.0,227.2,635.0,131.7
599,100.0,75.0,0,2,402,54,2.8,0.9,a,74,13.7,Jonny,2193,1,2,6,29,0,0,0,4,0,0,0,368,420.8,307.4,262.0,99.1
600,,,0,2,403,51,2.9,2.0,a,83,16.3,Coady,2610,0,0,8,34,0,0,0,3,0,0,6,485,429.8,67.2,0.0,49.6
601,100.0,100.0,0,2,405,48,4.6,3.3,a,60,12.5,Boly,1170,0,1,7,9,0,0,0,1,1,0,9,275,297.4,58.2,33.0,39.0
602,100.0,100.0,0,2,406,42,1.8,0.2,a,23,5.5,Vinagre,528,0,0,2,6,0,0,0,1,0,0,0,114,115.8,92.0,48.0,25.4
603,100.0,100.0,1,2,407,46,2.9,3.7,a,73,15.9,Saïss,1983,2,2,6,28,0,0,0,8,1,0,6,374,484.8,132.1,274.0,89.2
604,,,0,2,408,39,1.7,2.0,a,5,1.3,Kilman,184,0,0,0,2,0,0,0,0,0,0,0,24,35.2,1.2,0.0,3.7
605,100.0,100.0,2,4,409,81,5.1,32.8,a,147,18.1,Jiménez,2458,13,6,9,31,0,0,0,3,0,0,23,520,723.4,560.6,1364.0,264.2
606,100.0,100.0,3,4,410,64,3.5,9.5,a,88,13.8,Jota,1758,6,3,7,24,0,0,0,3,0,0,12,290,390.2,359.5,975.0,172.6
607,,,0,1,411,52,4.0,9.9,a,116,22.3,Patrício,2610,0,0,8,34,0,2,0,0,0,77,8,516,636.0,0.0,0.0,63.8
608,,,0,1,412,42,0.0,0.4,a,0,0.0,Ruddy,0,0,0,0,0,0,0,0,0,0,0,0,0,0.0,0.0,0.0,0.0
609,0.0,0.0,0,1,413,39,0.0,0.7,n,0,0.0,Norris,0,0,0,0,0,0,0,0,0,0,0,0,0,0.0,0.0,0.0,0.0
610,100.0,100.0,1,3,414,52,2.4,4.5,a,71,13.7,Neves,2275,2,1,8,29,0,0,0,7,0,0,4,372,397.4,307.4,229.0,93.7
611,,,0,3,415,54,3.2,5.2,a,94,17.4,Moutinho,2434,1,7,7,32,0,0,0,5,0,0,11,508,614.6,982.3,110.0,171.1
612,100.0,75.0,0,3,416,47,2.0,0.1,a,8,1.7,Gibbs-White,122,0,1,0,2,0,0,0,0,0,0,0,31,6.2,43.5,12.0,6.2
613,100.0,100.0,4,3,417,57,3.9,16.9,a,108,18.9,Traoré,2068,4,7,4,30,0,0,0,0,0,0,14,460,613.2,611.7,496.0,172.2
614,0.0,0.0,0,3,418,48,0.0,0.0,n,0,0.0,Costa,0,0,0,0,0,0,0,0,0,0,0,0,0,0.0,0.0,0.0,0.0
615,0.0,0.0,0,3,419,49,0.0,0.0,u,0,0.0,Cavaleiro,0,0,0,0,0,0,0,0,0,0,0,0,0,0.0,0.0,0.0,0.0
616,100.0,100.0,2,3,420,44,2.4,9.1,a,70,15.9,Dendoncker,2279,2,0,7,29,1,0,0,4,0,0,6,331,421.2,127.3,204.0,75.2
617,0.0,0.0,0,2,473,46,0.5,0.2,u,1,0.2,Vallejo,162,0,0,0,6,0,0,0,1,0,0,0,22,35.6,7.0,0.0,4.3
618,0.0,0.0,0,4,487,54,1.9,0.5,n,23,4.3,Cutrone,292,2,0,1,6,0,0,0,0,0,0,0,69,85.2,35.6,155.0,27.5
619,100.0,100.0,0,3,528,50,2.0,0.2,a,42,8.4,Neto,722,2,2,1,8,0,0,0,2,0,0,0,134,159.4,182.6,198.0,53.9
620,0.0,0.0,0,4,559,45,0.0,0.0,n,0,0.0,Ashley-Seal,0,0,0,0,0,0,0,0,0,0,0,0,0,0.0,0.0,0.0,0.0
621,,,0,3,560,45,0.0,0.0,a,0,0.0,Perry,0,0,0,0,0,0,0,0,0,0,0,0,0,0.0,0.0,0.0,0.0
622,,,0,3,566,45,0.0,0.0,a,0,0.0,Otasowie,0,0,0,0,0,0,0,0,0,0,0,0,0,0.0,0.0,0.0,0.0
623,,,0,3,567,45,0.0,0.0,a,0,0.0,Cundle,0,0,0,0,0,0,0,0,0,0,0,0,0,0.0,0.0,0.0,0.0
624,,,0,2,587,40,0.0,0.1,a,0,0.0,Buur,0,0,0,0,0,0,0,0,0,0,0,0,0,0.0,0.0,0.0,0.0
625,0.0,0.0,0,2,607,39,0.0,0.0,n,0,0.0,Giles,0,0,0,0,0,0,0,0,0,0,0,0,0,0.0,0.0,0.0,0.0
626,,,0,3,609,45,0.0,0.0,a,0,0.0,Jordao,0,0,0,0,0,0,0,0,0,0,0,0,0,0.0,0.0,0.0,0.0
627,,,0,3,619,51,1.0,0.0,a,4,0.8,Podence,43,0,0,0,0,0,0,0,0,0,0,0,14,9.0,27.5,40.0,7.7
